Workbook

Sheet CASE MASTER
A1: Study Code | B1: Sample Status (s/i) | C1: Sample Type | D1: Date of Collection | E1: Time of Collection | F1: Freeze Date | G1: Freeze Time | H1: CDI Location | I1: NIH Location | J1: MAX Planck Location | K1: WB Location | L1: Cryovial Tubes (Yes/No) | M1: Cryovial Location | N1: Cryovial Volumes | O1: Additional Notes (If any) | P1: Participant Helper | Q1: DateCode Helper | R1: Matrix Code Helper | S1: WB Code Helper | T1: Cryo Box Helper | U1: Cryo Start Row 1 | V1: Cryo Start Col 1 | W1: Cryo End Row 1 | X1: Cryo End Col 1 | Y1: Cryo Prefix Helper | Z1: Cryo Count 1 | AA1: Cryo Start Row 2 | AB1: Cryo Start Col 2 | AC1: Cryo End Row 2 | AD1: Cryo End Col 2 | AE1: Cryo Count 2
F2: =IF(AND($A2<>"",$B2<>"",$C2<>"",$D2<>"",$E2<>""),TODAY(),"") | H2: =IF(AND($A2<>"",$B2<>"",$C2<>"",$D2<>"",$E2<>""),IF(AND($B2="s",OR($C2="SER",$C2="PLH",$C2="CSF")),"Case CDI Plate "&(INT(((COUNTIFS($B$2:$B2,"s",$C$2:$C2,"SER")+COUNTIFS($B$2:$B2,"s",$C$2:$C2,"PLH")+COUNTIFS($B$2:$B2,"s",$C$2:$C2,"CSF"))-1)/96)+1)&": "&CHAR(65+INT(MOD((COUNTIFS($B$2:$B2,"s",$C$2:$C2,"SER")+COUNTIFS($B$2:$B2,"s",$C$2:$C2,"PLH")+COUNTIFS($B$2:$B2,"s",$C$2:$C2,"CSF"))-1,96)/12))&(MOD((COUNTIFS($B$2:$B2,"s",$C$2:$C2,"SER")+COUNTIFS($B$2:$B2,"s",$C$2:$C2,"PLH")+COUNTIFS($B$2:$B2,"s",$C$2:$C2,"CSF"))-1,12)+1),"N/A"),"") | I2: =IF(AND($A2<>"",$B2<>"",$C2<>"",$D2<>"",$E2<>""),IF(AND($B2="s",OR($C2="SER",$C2="PLH",$C2="CSF")),"Case NIH Plate "&(INT(((COUNTIFS($B$2:$B2,"s",$C$2:$C2,"SER")+COUNTIFS($B$2:$B2,"s",$C$2:$C2,"PLH")+COUNTIFS($B$2:$B2,"s",$C$2:$C2,"CSF"))-1)/96)+1)&": "&CHAR(65+INT(MOD((COUNTIFS($B$2:$B2,"s",$C$2:$C2,"SER")+COUNTIFS($B$2:$B2,"s",$C$2:$C2,"PLH")+COUNTIFS($B$2:$B2,"s",$C$2:$C2,"CSF"))-1,96)/12))&(MOD((COUNTIFS($B$2:$B2,"s",$C$2:$C2,"SER")+COUNTIFS($B$2:$B2,"s",$C$2:$C2,"PLH")+COUNTIFS($B$2:$B2,"s",$C$2:$C2,"CSF"))-1,12)+1),"N/A"),"") | J2: =IF(AND($A2<>"",$B2<>"",$C2<>"",$D2<>"",$E2<>""),IF(AND($B2="s",OR($C2="SER",$C2="PLH")),"Case MAX Planck Plate "&(INT(((COUNTIFS($B$2:$B2,"s",$C$2:$C2,"SER")+COUNTIFS($B$2:$B2,"s",$C$2:$C2,"PLH"))-1)/96)+1)&": "&CHAR(65+INT(MOD((COUNTIFS($B$2:$B2,"s",$C$2:$C2,"SER")+COUNTIFS($B$2:$B2,"s",$C$2:$C2,"PLH"))-1,96)/12))&(MOD((COUNTIFS($B$2:$B2,"s",$C$2:$C2,"SER")+COUNTIFS($B$2:$B2,"s",$C$2:$C2,"PLH"))-1,12)+1),"N/A"),"") | K2: =IF(AND($A2<>"",$B2<>"",$C2<>"",$D2<>"",$E2<>""),IF($C2="WB","Case WB Box "&(INT((COUNTIFS($C$2:$C2,"WB")-1)/81)+1)&": "&CHAR(65+INT(MOD(COUNTIFS($C$2:$C2,"WB")-1,81)/9))&(MOD(COUNTIFS($C$2:$C2,"WB")-1,9)+1),"N/A"),"") | L2: =IF(AND($A2<>"",$B2<>"",$C2<>"",$D2<>"",$E2<>""),IF($C2="WB","No",IF($B2="i","Yes","")),"") | P2: =IF($A2<>"",MID($A2,5,4),"") | Q2: =IF($D2<>"",TEXT($D2,"mmddyy"),"") | R2: =IF(AND($A2<>"",$B2<>"",$C2<>"",$D2<>""),IF($C2="WB","cs_"&$P2&"_"&$B2&"_wb_"&$Q2,"cs_"&$P2&"_"&$B2&"_"&LOWER($C2)&"_"&IF($C2="CSF","0.50","0.20")&"_"&$Q2),"") | S2: =IF(AND($A2<>"",$B2<>"",$C2="WB",$D2<>""),"cs_"&$P2&"_"&$B2&"_wb_"&$Q2,"") | T2: =IFERROR(VALUE(MID($M2,FIND("Box ",$M2)+4,FIND(":",$M2)-FIND("Box ",$M2)-4)),"") | U2: =IFERROR(CODE(UPPER(LEFT(LEFT(TRIM(MID(SUBSTITUTE(TRIM(MID($M2,FIND(":",$M2)+1,200)),",",REPT(" ",60)),1,60)),IFERROR(FIND("-",TRIM(MID(SUBSTITUTE(TRIM(MID($M2,FIND(":",$M2)+1,200)),",",REPT(" ",60)),1,60)))-1,LEN(TRIM(MID(SUBSTITUTE(TRIM(MID($M2,FIND(":",$M2)+1,200)),",",REPT(" ",60)),1,60))))),1)))-64,"") | V2: =IFERROR(VALUE(MID(LEFT(TRIM(MID(SUBSTITUTE(TRIM(MID($M2,FIND(":",$M2)+1,200)),",",REPT(" ",60)),1,60)),IFERROR(FIND("-",TRIM(MID(SUBSTITUTE(TRIM(MID($M2,FIND(":",$M2)+1,200)),",",REPT(" ",60)),1,60)))-1,LEN(TRIM(MID(SUBSTITUTE(TRIM(MID($M2,FIND(":",$M2)+1,200)),",",REPT(" ",60)),1,60))))),2,3)),"") | W2: =IFERROR(CODE(UPPER(LEFT(IFERROR(MID(TRIM(MID(SUBSTITUTE(TRIM(MID($M2,FIND(":",$M2)+1,200)),",",REPT(" ",60)),1,60)),FIND("-",TRIM(MID(SUBSTITUTE(TRIM(MID($M2,FIND(":",$M2)+1,200)),",",REPT(" ",60)),1,60)))+1,99),LEFT(TRIM(MID(SUBSTITUTE(TRIM(MID($M2,FIND(":",$M2)+1,200)),",",REPT(" ",60)),1,60)),IFERROR(FIND("-",TRIM(MID(SUBSTITUTE(TRIM(MID($M2,FIND(":",$M2)+1,200)),",",REPT(" ",60)),1,60)))-1,LEN(TRIM(MID(SUBSTITUTE(TRIM(MID($M2,FIND(":",$M2)+1,200)),",",REPT(" ",60)),1,60)))))),1)))-64,"") | X2: =IFERROR(VALUE(MID(IFERROR(MID(TRIM(MID(SUBSTITUTE(TRIM(MID($M2,FIND(":",$M2)+1,200)),",",REPT(" ",60)),1,60)),FIND("-",TRIM(MID(SUBSTITUTE(TRIM(MID($M2,FIND(":",$M2)+1,200)),",",REPT(" ",60)),1,60)))+1,99),LEFT(TRIM(MID(SUBSTITUTE(TRIM(MID($M2,FIND(":",$M2)+1,200)),",",REPT(" ",60)),1,60)),IFERROR(FIND("-",TRIM(MID(SUBSTITUTE(TRIM(MID($M2,FIND(":",$M2)+1,200)),",",REPT(" ",60)),1,60)))-1,LEN(TRIM(MID(SUBSTITUTE(TRIM(MID($M2,FIND(":",$M2)+1,200)),",",REPT(" ",60)),1,60)))))),2,3)),"") | Y2: =IF(AND($A2<>"",$B2<>"",$C2<>"",$D2<>""),"cs_"&$P2&"_"&$B2&"_"&LOWER($C2)&"_","") | Z2: =IFERROR(($W2-$U2+1)*($X2-$V2+1),0) -> 0 | AA2: =IFERROR(CODE(UPPER(LEFT(LEFT(TRIM(MID(SUBSTITUTE(TRIM(MID($M2,FIND(":",$M2)+1,200)),",",REPT(" ",60)),61,60)),IFERROR(FIND("-",TRIM(MID(SUBSTITUTE(TRIM(MID($M2,FIND(":",$M2)+1,200)),",",REPT(" ",60)),61,60)))-1,LEN(TRIM(MID(SUBSTITUTE(TRIM(MID($M2,FIND(":",$M2)+1,200)),",",REPT(" ",60)),61,60))))),1)))-64,"") | AB2: =IFERROR(VALUE(MID(LEFT(TRIM(MID(SUBSTITUTE(TRIM(MID($M2,FIND(":",$M2)+1,200)),",",REPT(" ",60)),61,60)),IFERROR(FIND("-",TRIM(MID(SUBSTITUTE(TRIM(MID($M2,FIND(":",$M2)+1,200)),",",REPT(" ",60)),61,60)))-1,LEN(TRIM(MID(SUBSTITUTE(TRIM(MID($M2,FIND(":",$M2)+1,200)),",",REPT(" ",60)),61,60))))),2,3)),"") | AC2: =IFERROR(CODE(UPPER(LEFT(IFERROR(MID(TRIM(MID(SUBSTITUTE(TRIM(MID($M2,FIND(":",$M2)+1,200)),",",REPT(" ",60)),61,60)),FIND("-",TRIM(MID(SUBSTITUTE(TRIM(MID($M2,FIND(":",$M2)+1,200)),",",REPT(" ",60)),61,60)))+1,99),LEFT(TRIM(MID(SUBSTITUTE(TRIM(MID($M2,FIND(":",$M2)+1,200)),",",REPT(" ",60)),61,60)),IFERROR(FIND("-",TRIM(MID(SUBSTITUTE(TRIM(MID($M2,FIND(":",$M2)+1,200)),",",REPT(" ",60)),61,60)))-1,LEN(TRIM(MID(SUBSTITUTE(TRIM(MID($M2,FIND(":",$M2)+1,200)),",",REPT(" ",60)),61,60)))))),1)))-64,"") | AD2: =IFERROR(VALUE(MID(IFERROR(MID(TRIM(MID(SUBSTITUTE(TRIM(MID($M2,FIND(":",$M2)+1,200)),",",REPT(" ",60)),61,60)),FIND("-",TRIM(MID(SUBSTITUTE(TRIM(MID($M2,FIND(":",$M2)+1,200)),",",REPT(" ",60)),61,60)))+1,99),LEFT(TRIM(MID(SUBSTITUTE(TRIM(MID($M2,FIND(":",$M2)+1,200)),",",REPT(" ",60)),61,60)),IFERROR(FIND("-",TRIM(MID(SUBSTITUTE(TRIM(MID($M2,FIND(":",$M2)+1,200)),",",REPT(" ",60)),61,60)))-1,LEN(TRIM(MID(SUBSTITUTE(TRIM(MID($M2,FIND(":",$M2)+1,200)),",",REPT(" ",60)),61,60)))))),2,3)),"") | AE2: =IFERROR(($AC2-$AA2+1)*($AD2-$AB2+1),0) -> 0
F3: =IF(AND($A3<>"",$B3<>"",$C3<>"",$D3<>"",$E3<>""),TODAY(),"") | H3: =IF(AND($A3<>"",$B3<>"",$C3<>"",$D3<>"",$E3<>""),IF(AND($B3="s",OR($C3="SER",$C3="PLH",$C3="CSF")),"Case CDI Plate "&(INT(((COUNTIFS($B$2:$B3,"s",$C$2:$C3,"SER")+COUNTIFS($B$2:$B3,"s",$C$2:$C3,"PLH")+COUNTIFS($B$2:$B3,"s",$C$2:$C3,"CSF"))-1)/96)+1)&": "&CHAR(65+INT(MOD((COUNTIFS($B$2:$B3,"s",$C$2:$C3,"SER")+COUNTIFS($B$2:$B3,"s",$C$2:$C3,"PLH")+COUNTIFS($B$2:$B3,"s",$C$2:$C3,"CSF"))-1,96)/12))&(MOD((COUNTIFS($B$2:$B3,"s",$C$2:$C3,"SER")+COUNTIFS($B$2:$B3,"s",$C$2:$C3,"PLH")+COUNTIFS($B$2:$B3,"s",$C$2:$C3,"CSF"))-1,12)+1),"N/A"),"") | I3: =IF(AND($A3<>"",$B3<>"",$C3<>"",$D3<>"",$E3<>""),IF(AND($B3="s",OR($C3="SER",$C3="PLH",$C3="CSF")),"Case NIH Plate "&(INT(((COUNTIFS($B$2:$B3,"s",$C$2:$C3,"SER")+COUNTIFS($B$2:$B3,"s",$C$2:$C3,"PLH")+COUNTIFS($B$2:$B3,"s",$C$2:$C3,"CSF"))-1)/96)+1)&": "&CHAR(65+INT(MOD((COUNTIFS($B$2:$B3,"s",$C$2:$C3,"SER")+COUNTIFS($B$2:$B3,"s",$C$2:$C3,"PLH")+COUNTIFS($B$2:$B3,"s",$C$2:$C3,"CSF"))-1,96)/12))&(MOD((COUNTIFS($B$2:$B3,"s",$C$2:$C3,"SER")+COUNTIFS($B$2:$B3,"s",$C$2:$C3,"PLH")+COUNTIFS($B$2:$B3,"s",$C$2:$C3,"CSF"))-1,12)+1),"N/A"),"") | J3: =IF(AND($A3<>"",$B3<>"",$C3<>"",$D3<>"",$E3<>""),IF(AND($B3="s",OR($C3="SER",$C3="PLH")),"Case MAX Planck Plate "&(INT(((COUNTIFS($B$2:$B3,"s",$C$2:$C3,"SER")+COUNTIFS($B$2:$B3,"s",$C$2:$C3,"PLH"))-1)/96)+1)&": "&CHAR(65+INT(MOD((COUNTIFS($B$2:$B3,"s",$C$2:$C3,"SER")+COUNTIFS($B$2:$B3,"s",$C$2:$C3,"PLH"))-1,96)/12))&(MOD((COUNTIFS($B$2:$B3,"s",$C$2:$C3,"SER")+COUNTIFS($B$2:$B3,"s",$C$2:$C3,"PLH"))-1,12)+1),"N/A"),"") | K3: =IF(AND($A3<>"",$B3<>"",$C3<>"",$D3<>"",$E3<>""),IF($C3="WB","Case WB Box "&(INT((COUNTIFS($C$2:$C3,"WB")-1)/81)+1)&": "&CHAR(65+INT(MOD(COUNTIFS($C$2:$C3,"WB")-1,81)/9))&(MOD(COUNTIFS($C$2:$C3,"WB")-1,9)+1),"N/A"),"") | L3: =IF(AND($A3<>"",$B3<>"",$C3<>"",$D3<>"",$E3<>""),IF($C3="WB","No",IF($B3="i","Yes","")),"") | P3: =IF($A3<>"",MID($A3,5,4),"") | Q3: =IF($D3<>"",TEXT($D3,"mmddyy"),"") | R3: =IF(AND($A3<>"",$B3<>"",$C3<>"",$D3<>""),IF($C3="WB","cs_"&$P3&"_"&$B3&"_wb_"&$Q3,"cs_"&$P3&"_"&$B3&"_"&LOWER($C3)&"_"&IF($C3="CSF","0.50","0.20")&"_"&$Q3),"") | S3: =IF(AND($A3<>"",$B3<>"",$C3="WB",$D3<>""),"cs_"&$P3&"_"&$B3&"_wb_"&$Q3,"") | T3: =IFERROR(VALUE(MID($M3,FIND("Box ",$M3)+4,FIND(":",$M3)-FIND("Box ",$M3)-4)),"") | U3: =IFERROR(CODE(UPPER(LEFT(LEFT(TRIM(MID(SUBSTITUTE(TRIM(MID($M3,FIND(":",$M3)+1,200)),",",REPT(" ",60)),1,60)),IFERROR(FIND("-",TRIM(MID(SUBSTITUTE(TRIM(MID($M3,FIND(":",$M3)+1,200)),",",REPT(" ",60)),1,60)))-1,LEN(TRIM(MID(SUBSTITUTE(TRIM(MID($M3,FIND(":",$M3)+1,200)),",",REPT(" ",60)),1,60))))),1)))-64,"") | V3: =IFERROR(VALUE(MID(LEFT(TRIM(MID(SUBSTITUTE(TRIM(MID($M3,FIND(":",$M3)+1,200)),",",REPT(" ",60)),1,60)),IFERROR(FIND("-",TRIM(MID(SUBSTITUTE(TRIM(MID($M3,FIND(":",$M3)+1,200)),",",REPT(" ",60)),1,60)))-1,LEN(TRIM(MID(SUBSTITUTE(TRIM(MID($M3,FIND(":",$M3)+1,200)),",",REPT(" ",60)),1,60))))),2,3)),"") | W3: =IFERROR(CODE(UPPER(LEFT(IFERROR(MID(TRIM(MID(SUBSTITUTE(TRIM(MID($M3,FIND(":",$M3)+1,200)),",",REPT(" ",60)),1,60)),FIND("-",TRIM(MID(SUBSTITUTE(TRIM(MID($M3,FIND(":",$M3)+1,200)),",",REPT(" ",60)),1,60)))+1,99),LEFT(TRIM(MID(SUBSTITUTE(TRIM(MID($M3,FIND(":",$M3)+1,200)),",",REPT(" ",60)),1,60)),IFERROR(FIND("-",TRIM(MID(SUBSTITUTE(TRIM(MID($M3,FIND(":",$M3)+1,200)),",",REPT(" ",60)),1,60)))-1,LEN(TRIM(MID(SUBSTITUTE(TRIM(MID($M3,FIND(":",$M3)+1,200)),",",REPT(" ",60)),1,60)))))),1)))-64,"") | X3: =IFERROR(VALUE(MID(IFERROR(MID(TRIM(MID(SUBSTITUTE(TRIM(MID($M3,FIND(":",$M3)+1,200)),",",REPT(" ",60)),1,60)),FIND("-",TRIM(MID(SUBSTITUTE(TRIM(MID($M3,FIND(":",$M3)+1,200)),",",REPT(" ",60)),1,60)))+1,99),LEFT(TRIM(MID(SUBSTITUTE(TRIM(MID($M3,FIND(":",$M3)+1,200)),",",REPT(" ",60)),1,60)),IFERROR(FIND("-",TRIM(MID(SUBSTITUTE(TRIM(MID($M3,FIND(":",$M3)+1,200)),",",REPT(" ",60)),1,60)))-1,LEN(TRIM(MID(SUBSTITUTE(TRIM(MID($M3,FIND(":",$M3)+1,200)),",",REPT(" ",60)),1,60)))))),2,3)),"") | Y3: =IF(AND($A3<>"",$B3<>"",$C3<>"",$D3<>""),"cs_"&$P3&"_"&$B3&"_"&LOWER($C3)&"_","") | Z3: =IFERROR(($W3-$U3+1)*($X3-$V3+1),0) -> 0 | AA3: =IFERROR(CODE(UPPER(LEFT(LEFT(TRIM(MID(SUBSTITUTE(TRIM(MID($M3,FIND(":",$M3)+1,200)),",",REPT(" ",60)),61,60)),IFERROR(FIND("-",TRIM(MID(SUBSTITUTE(TRIM(MID($M3,FIND(":",$M3)+1,200)),",",REPT(" ",60)),61,60)))-1,LEN(TRIM(MID(SUBSTITUTE(TRIM(MID($M3,FIND(":",$M3)+1,200)),",",REPT(" ",60)),61,60))))),1)))-64,"") | AB3: =IFERROR(VALUE(MID(LEFT(TRIM(MID(SUBSTITUTE(TRIM(MID($M3,FIND(":",$M3)+1,200)),",",REPT(" ",60)),61,60)),IFERROR(FIND("-",TRIM(MID(SUBSTITUTE(TRIM(MID($M3,FIND(":",$M3)+1,200)),",",REPT(" ",60)),61,60)))-1,LEN(TRIM(MID(SUBSTITUTE(TRIM(MID($M3,FIND(":",$M3)+1,200)),",",REPT(" ",60)),61,60))))),2,3)),"") | AC3: =IFERROR(CODE(UPPER(LEFT(IFERROR(MID(TRIM(MID(SUBSTITUTE(TRIM(MID($M3,FIND(":",$M3)+1,200)),",",REPT(" ",60)),61,60)),FIND("-",TRIM(MID(SUBSTITUTE(TRIM(MID($M3,FIND(":",$M3)+1,200)),",",REPT(" ",60)),61,60)))+1,99),LEFT(TRIM(MID(SUBSTITUTE(TRIM(MID($M3,FIND(":",$M3)+1,200)),",",REPT(" ",60)),61,60)),IFERROR(FIND("-",TRIM(MID(SUBSTITUTE(TRIM(MID($M3,FIND(":",$M3)+1,200)),",",REPT(" ",60)),61,60)))-1,LEN(TRIM(MID(SUBSTITUTE(TRIM(MID($M3,FIND(":",$M3)+1,200)),",",REPT(" ",60)),61,60)))))),1)))-64,"") | AD3: =IFERROR(VALUE(MID(IFERROR(MID(TRIM(MID(SUBSTITUTE(TRIM(MID($M3,FIND(":",$M3)+1,200)),",",REPT(" ",60)),61,60)),FIND("-",TRIM(MID(SUBSTITUTE(TRIM(MID($M3,FIND(":",$M3)+1,200)),",",REPT(" ",60)),61,60)))+1,99),LEFT(TRIM(MID(SUBSTITUTE(TRIM(MID($M3,FIND(":",$M3)+1,200)),",",REPT(" ",60)),61,60)),IFERROR(FIND("-",TRIM(MID(SUBSTITUTE(TRIM(MID($M3,FIND(":",$M3)+1,200)),",",REPT(" ",60)),61,60)))-1,LEN(TRIM(MID(SUBSTITUTE(TRIM(MID($M3,FIND(":",$M3)+1,200)),",",REPT(" ",60)),61,60)))))),2,3)),"") | AE3: =IFERROR(($AC3-$AA3+1)*($AD3-$AB3+1),0) -> 0
F4: =IF(AND($A4<>"",$B4<>"",$C4<>"",$D4<>"",$E4<>""),TODAY(),"") | H4: =IF(AND($A4<>"",$B4<>"",$C4<>"",$D4<>"",$E4<>""),IF(AND($B4="s",OR($C4="SER",$C4="PLH",$C4="CSF")),"Case CDI Plate "&(INT(((COUNTIFS($B$2:$B4,"s",$C$2:$C4,"SER")+COUNTIFS($B$2:$B4,"s",$C$2:$C4,"PLH")+COUNTIFS($B$2:$B4,"s",$C$2:$C4,"CSF"))-1)/96)+1)&": "&CHAR(65+INT(MOD((COUNTIFS($B$2:$B4,"s",$C$2:$C4,"SER")+COUNTIFS($B$2:$B4,"s",$C$2:$C4,"PLH")+COUNTIFS($B$2:$B4,"s",$C$2:$C4,"CSF"))-1,96)/12))&(MOD((COUNTIFS($B$2:$B4,"s",$C$2:$C4,"SER")+COUNTIFS($B$2:$B4,"s",$C$2:$C4,"PLH")+COUNTIFS($B$2:$B4,"s",$C$2:$C4,"CSF"))-1,12)+1),"N/A"),"") | I4: =IF(AND($A4<>"",$B4<>"",$C4<>"",$D4<>"",$E4<>""),IF(AND($B4="s",OR($C4="SER",$C4="PLH",$C4="CSF")),"Case NIH Plate "&(INT(((COUNTIFS($B$2:$B4,"s",$C$2:$C4,"SER")+COUNTIFS($B$2:$B4,"s",$C$2:$C4,"PLH")+COUNTIFS($B$2:$B4,"s",$C$2:$C4,"CSF"))-1)/96)+1)&": "&CHAR(65+INT(MOD((COUNTIFS($B$2:$B4,"s",$C$2:$C4,"SER")+COUNTIFS($B$2:$B4,"s",$C$2:$C4,"PLH")+COUNTIFS($B$2:$B4,"s",$C$2:$C4,"CSF"))-1,96)/12))&(MOD((COUNTIFS($B$2:$B4,"s",$C$2:$C4,"SER")+COUNTIFS($B$2:$B4,"s",$C$2:$C4,"PLH")+COUNTIFS($B$2:$B4,"s",$C$2:$C4,"CSF"))-1,12)+1),"N/A"),"") | J4: =IF(AND($A4<>"",$B4<>"",$C4<>"",$D4<>"",$E4<>""),IF(AND($B4="s",OR($C4="SER",$C4="PLH")),"Case MAX Planck Plate "&(INT(((COUNTIFS($B$2:$B4,"s",$C$2:$C4,"SER")+COUNTIFS($B$2:$B4,"s",$C$2:$C4,"PLH"))-1)/96)+1)&": "&CHAR(65+INT(MOD((COUNTIFS($B$2:$B4,"s",$C$2:$C4,"SER")+COUNTIFS($B$2:$B4,"s",$C$2:$C4,"PLH"))-1,96)/12))&(MOD((COUNTIFS($B$2:$B4,"s",$C$2:$C4,"SER")+COUNTIFS($B$2:$B4,"s",$C$2:$C4,"PLH"))-1,12)+1),"N/A"),"") | K4: =IF(AND($A4<>"",$B4<>"",$C4<>"",$D4<>"",$E4<>""),IF($C4="WB","Case WB Box "&(INT((COUNTIFS($C$2:$C4,"WB")-1)/81)+1)&": "&CHAR(65+INT(MOD(COUNTIFS($C$2:$C4,"WB")-1,81)/9))&(MOD(COUNTIFS($C$2:$C4,"WB")-1,9)+1),"N/A"),"") | L4: =IF(AND($A4<>"",$B4<>"",$C4<>"",$D4<>"",$E4<>""),IF($C4="WB","No",IF($B4="i","Yes","")),"") | P4: =IF($A4<>"",MID($A4,5,4),"") | Q4: =IF($D4<>"",TEXT($D4,"mmddyy"),"") | R4: =IF(AND($A4<>"",$B4<>"",$C4<>"",$D4<>""),IF($C4="WB","cs_"&$P4&"_"&$B4&"_wb_"&$Q4,"cs_"&$P4&"_"&$B4&"_"&LOWER($C4)&"_"&IF($C4="CSF","0.50","0.20")&"_"&$Q4),"") | S4: =IF(AND($A4<>"",$B4<>"",$C4="WB",$D4<>""),"cs_"&$P4&"_"&$B4&"_wb_"&$Q4,"") | T4: =IFERROR(VALUE(MID($M4,FIND("Box ",$M4)+4,FIND(":",$M4)-FIND("Box ",$M4)-4)),"") | U4: =IFERROR(CODE(UPPER(LEFT(LEFT(TRIM(MID(SUBSTITUTE(TRIM(MID($M4,FIND(":",$M4)+1,200)),",",REPT(" ",60)),1,60)),IFERROR(FIND("-",TRIM(MID(SUBSTITUTE(TRIM(MID($M4,FIND(":",$M4)+1,200)),",",REPT(" ",60)),1,60)))-1,LEN(TRIM(MID(SUBSTITUTE(TRIM(MID($M4,FIND(":",$M4)+1,200)),",",REPT(" ",60)),1,60))))),1)))-64,"") | V4: =IFERROR(VALUE(MID(LEFT(TRIM(MID(SUBSTITUTE(TRIM(MID($M4,FIND(":",$M4)+1,200)),",",REPT(" ",60)),1,60)),IFERROR(FIND("-",TRIM(MID(SUBSTITUTE(TRIM(MID($M4,FIND(":",$M4)+1,200)),",",REPT(" ",60)),1,60)))-1,LEN(TRIM(MID(SUBSTITUTE(TRIM(MID($M4,FIND(":",$M4)+1,200)),",",REPT(" ",60)),1,60))))),2,3)),"") | W4: =IFERROR(CODE(UPPER(LEFT(IFERROR(MID(TRIM(MID(SUBSTITUTE(TRIM(MID($M4,FIND(":",$M4)+1,200)),",",REPT(" ",60)),1,60)),FIND("-",TRIM(MID(SUBSTITUTE(TRIM(MID($M4,FIND(":",$M4)+1,200)),",",REPT(" ",60)),1,60)))+1,99),LEFT(TRIM(MID(SUBSTITUTE(TRIM(MID($M4,FIND(":",$M4)+1,200)),",",REPT(" ",60)),1,60)),IFERROR(FIND("-",TRIM(MID(SUBSTITUTE(TRIM(MID($M4,FIND(":",$M4)+1,200)),",",REPT(" ",60)),1,60)))-1,LEN(TRIM(MID(SUBSTITUTE(TRIM(MID($M4,FIND(":",$M4)+1,200)),",",REPT(" ",60)),1,60)))))),1)))-64,"") | X4: =IFERROR(VALUE(MID(IFERROR(MID(TRIM(MID(SUBSTITUTE(TRIM(MID($M4,FIND(":",$M4)+1,200)),",",REPT(" ",60)),1,60)),FIND("-",TRIM(MID(SUBSTITUTE(TRIM(MID($M4,FIND(":",$M4)+1,200)),",",REPT(" ",60)),1,60)))+1,99),LEFT(TRIM(MID(SUBSTITUTE(TRIM(MID($M4,FIND(":",$M4)+1,200)),",",REPT(" ",60)),1,60)),IFERROR(FIND("-",TRIM(MID(SUBSTITUTE(TRIM(MID($M4,FIND(":",$M4)+1,200)),",",REPT(" ",60)),1,60)))-1,LEN(TRIM(MID(SUBSTITUTE(TRIM(MID($M4,FIND(":",$M4)+1,200)),",",REPT(" ",60)),1,60)))))),2,3)),"") | Y4: =IF(AND($A4<>"",$B4<>"",$C4<>"",$D4<>""),"cs_"&$P4&"_"&$B4&"_"&LOWER($C4)&"_","") | Z4: =IFERROR(($W4-$U4+1)*($X4-$V4+1),0) -> 0 | AA4: =IFERROR(CODE(UPPER(LEFT(LEFT(TRIM(MID(SUBSTITUTE(TRIM(MID($M4,FIND(":",$M4)+1,200)),",",REPT(" ",60)),61,60)),IFERROR(FIND("-",TRIM(MID(SUBSTITUTE(TRIM(MID($M4,FIND(":",$M4)+1,200)),",",REPT(" ",60)),61,60)))-1,LEN(TRIM(MID(SUBSTITUTE(TRIM(MID($M4,FIND(":",$M4)+1,200)),",",REPT(" ",60)),61,60))))),1)))-64,"") | AB4: =IFERROR(VALUE(MID(LEFT(TRIM(MID(SUBSTITUTE(TRIM(MID($M4,FIND(":",$M4)+1,200)),",",REPT(" ",60)),61,60)),IFERROR(FIND("-",TRIM(MID(SUBSTITUTE(TRIM(MID($M4,FIND(":",$M4)+1,200)),",",REPT(" ",60)),61,60)))-1,LEN(TRIM(MID(SUBSTITUTE(TRIM(MID($M4,FIND(":",$M4)+1,200)),",",REPT(" ",60)),61,60))))),2,3)),"") | AC4: =IFERROR(CODE(UPPER(LEFT(IFERROR(MID(TRIM(MID(SUBSTITUTE(TRIM(MID($M4,FIND(":",$M4)+1,200)),",",REPT(" ",60)),61,60)),FIND("-",TRIM(MID(SUBSTITUTE(TRIM(MID($M4,FIND(":",$M4)+1,200)),",",REPT(" ",60)),61,60)))+1,99),LEFT(TRIM(MID(SUBSTITUTE(TRIM(MID($M4,FIND(":",$M4)+1,200)),",",REPT(" ",60)),61,60)),IFERROR(FIND("-",TRIM(MID(SUBSTITUTE(TRIM(MID($M4,FIND(":",$M4)+1,200)),",",REPT(" ",60)),61,60)))-1,LEN(TRIM(MID(SUBSTITUTE(TRIM(MID($M4,FIND(":",$M4)+1,200)),",",REPT(" ",60)),61,60)))))),1)))-64,"") | AD4: =IFERROR(VALUE(MID(IFERROR(MID(TRIM(MID(SUBSTITUTE(TRIM(MID($M4,FIND(":",$M4)+1,200)),",",REPT(" ",60)),61,60)),FIND("-",TRIM(MID(SUBSTITUTE(TRIM(MID($M4,FIND(":",$M4)+1,200)),",",REPT(" ",60)),61,60)))+1,99),LEFT(TRIM(MID(SUBSTITUTE(TRIM(MID($M4,FIND(":",$M4)+1,200)),",",REPT(" ",60)),61,60)),IFERROR(FIND("-",TRIM(MID(SUBSTITUTE(TRIM(MID($M4,FIND(":",$M4)+1,200)),",",REPT(" ",60)),61,60)))-1,LEN(TRIM(MID(SUBSTITUTE(TRIM(MID($M4,FIND(":",$M4)+1,200)),",",REPT(" ",60)),61,60)))))),2,3)),"") | AE4: =IFERROR(($AC4-$AA4+1)*($AD4-$AB4+1),0) -> 0
F5: =IF(AND($A5<>"",$B5<>"",$C5<>"",$D5<>"",$E5<>""),TODAY(),"") | H5: =IF(AND($A5<>"",$B5<>"",$C5<>"",$D5<>"",$E5<>""),IF(AND($B5="s",OR($C5="SER",$C5="PLH",$C5="CSF")),"Case CDI Plate "&(INT(((COUNTIFS($B$2:$B5,"s",$C$2:$C5,"SER")+COUNTIFS($B$2:$B5,"s",$C$2:$C5,"PLH")+COUNTIFS($B$2:$B5,"s",$C$2:$C5,"CSF"))-1)/96)+1)&": "&CHAR(65+INT(MOD((COUNTIFS($B$2:$B5,"s",$C$2:$C5,"SER")+COUNTIFS($B$2:$B5,"s",$C$2:$C5,"PLH")+COUNTIFS($B$2:$B5,"s",$C$2:$C5,"CSF"))-1,96)/12))&(MOD((COUNTIFS($B$2:$B5,"s",$C$2:$C5,"SER")+COUNTIFS($B$2:$B5,"s",$C$2:$C5,"PLH")+COUNTIFS($B$2:$B5,"s",$C$2:$C5,"CSF"))-1,12)+1),"N/A"),"") | I5: =IF(AND($A5<>"",$B5<>"",$C5<>"",$D5<>"",$E5<>""),IF(AND($B5="s",OR($C5="SER",$C5="PLH",$C5="CSF")),"Case NIH Plate "&(INT(((COUNTIFS($B$2:$B5,"s",$C$2:$C5,"SER")+COUNTIFS($B$2:$B5,"s",$C$2:$C5,"PLH")+COUNTIFS($B$2:$B5,"s",$C$2:$C5,"CSF"))-1)/96)+1)&": "&CHAR(65+INT(MOD((COUNTIFS($B$2:$B5,"s",$C$2:$C5,"SER")+COUNTIFS($B$2:$B5,"s",$C$2:$C5,"PLH")+COUNTIFS($B$2:$B5,"s",$C$2:$C5,"CSF"))-1,96)/12))&(MOD((COUNTIFS($B$2:$B5,"s",$C$2:$C5,"SER")+COUNTIFS($B$2:$B5,"s",$C$2:$C5,"PLH")+COUNTIFS($B$2:$B5,"s",$C$2:$C5,"CSF"))-1,12)+1),"N/A"),"") | J5: =IF(AND($A5<>"",$B5<>"",$C5<>"",$D5<>"",$E5<>""),IF(AND($B5="s",OR($C5="SER",$C5="PLH")),"Case MAX Planck Plate "&(INT(((COUNTIFS($B$2:$B5,"s",$C$2:$C5,"SER")+COUNTIFS($B$2:$B5,"s",$C$2:$C5,"PLH"))-1)/96)+1)&": "&CHAR(65+INT(MOD((COUNTIFS($B$2:$B5,"s",$C$2:$C5,"SER")+COUNTIFS($B$2:$B5,"s",$C$2:$C5,"PLH"))-1,96)/12))&(MOD((COUNTIFS($B$2:$B5,"s",$C$2:$C5,"SER")+COUNTIFS($B$2:$B5,"s",$C$2:$C5,"PLH"))-1,12)+1),"N/A"),"") | K5: =IF(AND($A5<>"",$B5<>"",$C5<>"",$D5<>"",$E5<>""),IF($C5="WB","Case WB Box "&(INT((COUNTIFS($C$2:$C5,"WB")-1)/81)+1)&": "&CHAR(65+INT(MOD(COUNTIFS($C$2:$C5,"WB")-1,81)/9))&(MOD(COUNTIFS($C$2:$C5,"WB")-1,9)+1),"N/A"),"") | L5: =IF(AND($A5<>"",$B5<>"",$C5<>"",$D5<>"",$E5<>""),IF($C5="WB","No",IF($B5="i","Yes","")),"") | P5: =IF($A5<>"",MID($A5,5,4),"") | Q5: =IF($D5<>"",TEXT($D5,"mmddyy"),"") | R5: =IF(AND($A5<>"",$B5<>"",$C5<>"",$D5<>""),IF($C5="WB","cs_"&$P5&"_"&$B5&"_wb_"&$Q5,"cs_"&$P5&"_"&$B5&"_"&LOWER($C5)&"_"&IF($C5="CSF","0.50","0.20")&"_"&$Q5),"") | S5: =IF(AND($A5<>"",$B5<>"",$C5="WB",$D5<>""),"cs_"&$P5&"_"&$B5&"_wb_"&$Q5,"") | T5: =IFERROR(VALUE(MID($M5,FIND("Box ",$M5)+4,FIND(":",$M5)-FIND("Box ",$M5)-4)),"") | U5: =IFERROR(CODE(UPPER(LEFT(LEFT(TRIM(MID(SUBSTITUTE(TRIM(MID($M5,FIND(":",$M5)+1,200)),",",REPT(" ",60)),1,60)),IFERROR(FIND("-",TRIM(MID(SUBSTITUTE(TRIM(MID($M5,FIND(":",$M5)+1,200)),",",REPT(" ",60)),1,60)))-1,LEN(TRIM(MID(SUBSTITUTE(TRIM(MID($M5,FIND(":",$M5)+1,200)),",",REPT(" ",60)),1,60))))),1)))-64,"") | V5: =IFERROR(VALUE(MID(LEFT(TRIM(MID(SUBSTITUTE(TRIM(MID($M5,FIND(":",$M5)+1,200)),",",REPT(" ",60)),1,60)),IFERROR(FIND("-",TRIM(MID(SUBSTITUTE(TRIM(MID($M5,FIND(":",$M5)+1,200)),",",REPT(" ",60)),1,60)))-1,LEN(TRIM(MID(SUBSTITUTE(TRIM(MID($M5,FIND(":",$M5)+1,200)),",",REPT(" ",60)),1,60))))),2,3)),"") | W5: =IFERROR(CODE(UPPER(LEFT(IFERROR(MID(TRIM(MID(SUBSTITUTE(TRIM(MID($M5,FIND(":",$M5)+1,200)),",",REPT(" ",60)),1,60)),FIND("-",TRIM(MID(SUBSTITUTE(TRIM(MID($M5,FIND(":",$M5)+1,200)),",",REPT(" ",60)),1,60)))+1,99),LEFT(TRIM(MID(SUBSTITUTE(TRIM(MID($M5,FIND(":",$M5)+1,200)),",",REPT(" ",60)),1,60)),IFERROR(FIND("-",TRIM(MID(SUBSTITUTE(TRIM(MID($M5,FIND(":",$M5)+1,200)),",",REPT(" ",60)),1,60)))-1,LEN(TRIM(MID(SUBSTITUTE(TRIM(MID($M5,FIND(":",$M5)+1,200)),",",REPT(" ",60)),1,60)))))),1)))-64,"") | X5: =IFERROR(VALUE(MID(IFERROR(MID(TRIM(MID(SUBSTITUTE(TRIM(MID($M5,FIND(":",$M5)+1,200)),",",REPT(" ",60)),1,60)),FIND("-",TRIM(MID(SUBSTITUTE(TRIM(MID($M5,FIND(":",$M5)+1,200)),",",REPT(" ",60)),1,60)))+1,99),LEFT(TRIM(MID(SUBSTITUTE(TRIM(MID($M5,FIND(":",$M5)+1,200)),",",REPT(" ",60)),1,60)),IFERROR(FIND("-",TRIM(MID(SUBSTITUTE(TRIM(MID($M5,FIND(":",$M5)+1,200)),",",REPT(" ",60)),1,60)))-1,LEN(TRIM(MID(SUBSTITUTE(TRIM(MID($M5,FIND(":",$M5)+1,200)),",",REPT(" ",60)),1,60)))))),2,3)),"") | Y5: =IF(AND($A5<>"",$B5<>"",$C5<>"",$D5<>""),"cs_"&$P5&"_"&$B5&"_"&LOWER($C5)&"_","") | Z5: =IFERROR(($W5-$U5+1)*($X5-$V5+1),0) -> 0 | AA5: =IFERROR(CODE(UPPER(LEFT(LEFT(TRIM(MID(SUBSTITUTE(TRIM(MID($M5,FIND(":",$M5)+1,200)),",",REPT(" ",60)),61,60)),IFERROR(FIND("-",TRIM(MID(SUBSTITUTE(TRIM(MID($M5,FIND(":",$M5)+1,200)),",",REPT(" ",60)),61,60)))-1,LEN(TRIM(MID(SUBSTITUTE(TRIM(MID($M5,FIND(":",$M5)+1,200)),",",REPT(" ",60)),61,60))))),1)))-64,"") | AB5: =IFERROR(VALUE(MID(LEFT(TRIM(MID(SUBSTITUTE(TRIM(MID($M5,FIND(":",$M5)+1,200)),",",REPT(" ",60)),61,60)),IFERROR(FIND("-",TRIM(MID(SUBSTITUTE(TRIM(MID($M5,FIND(":",$M5)+1,200)),",",REPT(" ",60)),61,60)))-1,LEN(TRIM(MID(SUBSTITUTE(TRIM(MID($M5,FIND(":",$M5)+1,200)),",",REPT(" ",60)),61,60))))),2,3)),"") | AC5: =IFERROR(CODE(UPPER(LEFT(IFERROR(MID(TRIM(MID(SUBSTITUTE(TRIM(MID($M5,FIND(":",$M5)+1,200)),",",REPT(" ",60)),61,60)),FIND("-",TRIM(MID(SUBSTITUTE(TRIM(MID($M5,FIND(":",$M5)+1,200)),",",REPT(" ",60)),61,60)))+1,99),LEFT(TRIM(MID(SUBSTITUTE(TRIM(MID($M5,FIND(":",$M5)+1,200)),",",REPT(" ",60)),61,60)),IFERROR(FIND("-",TRIM(MID(SUBSTITUTE(TRIM(MID($M5,FIND(":",$M5)+1,200)),",",REPT(" ",60)),61,60)))-1,LEN(TRIM(MID(SUBSTITUTE(TRIM(MID($M5,FIND(":",$M5)+1,200)),",",REPT(" ",60)),61,60)))))),1)))-64,"") | AD5: =IFERROR(VALUE(MID(IFERROR(MID(TRIM(MID(SUBSTITUTE(TRIM(MID($M5,FIND(":",$M5)+1,200)),",",REPT(" ",60)),61,60)),FIND("-",TRIM(MID(SUBSTITUTE(TRIM(MID($M5,FIND(":",$M5)+1,200)),",",REPT(" ",60)),61,60)))+1,99),LEFT(TRIM(MID(SUBSTITUTE(TRIM(MID($M5,FIND(":",$M5)+1,200)),",",REPT(" ",60)),61,60)),IFERROR(FIND("-",TRIM(MID(SUBSTITUTE(TRIM(MID($M5,FIND(":",$M5)+1,200)),",",REPT(" ",60)),61,60)))-1,LEN(TRIM(MID(SUBSTITUTE(TRIM(MID($M5,FIND(":",$M5)+1,200)),",",REPT(" ",60)),61,60)))))),2,3)),"") | AE5: =IFERROR(($AC5-$AA5+1)*($AD5-$AB5+1),0) -> 0
F6: =IF(AND($A6<>"",$B6<>"",$C6<>"",$D6<>"",$E6<>""),TODAY(),"") | H6: =IF(AND($A6<>"",$B6<>"",$C6<>"",$D6<>"",$E6<>""),IF(AND($B6="s",OR($C6="SER",$C6="PLH",$C6="CSF")),"Case CDI Plate "&(INT(((COUNTIFS($B$2:$B6,"s",$C$2:$C6,"SER")+COUNTIFS($B$2:$B6,"s",$C$2:$C6,"PLH")+COUNTIFS($B$2:$B6,"s",$C$2:$C6,"CSF"))-1)/96)+1)&": "&CHAR(65+INT(MOD((COUNTIFS($B$2:$B6,"s",$C$2:$C6,"SER")+COUNTIFS($B$2:$B6,"s",$C$2:$C6,"PLH")+COUNTIFS($B$2:$B6,"s",$C$2:$C6,"CSF"))-1,96)/12))&(MOD((COUNTIFS($B$2:$B6,"s",$C$2:$C6,"SER")+COUNTIFS($B$2:$B6,"s",$C$2:$C6,"PLH")+COUNTIFS($B$2:$B6,"s",$C$2:$C6,"CSF"))-1,12)+1),"N/A"),"") | I6: =IF(AND($A6<>"",$B6<>"",$C6<>"",$D6<>"",$E6<>""),IF(AND($B6="s",OR($C6="SER",$C6="PLH",$C6="CSF")),"Case NIH Plate "&(INT(((COUNTIFS($B$2:$B6,"s",$C$2:$C6,"SER")+COUNTIFS($B$2:$B6,"s",$C$2:$C6,"PLH")+COUNTIFS($B$2:$B6,"s",$C$2:$C6,"CSF"))-1)/96)+1)&": "&CHAR(65+INT(MOD((COUNTIFS($B$2:$B6,"s",$C$2:$C6,"SER")+COUNTIFS($B$2:$B6,"s",$C$2:$C6,"PLH")+COUNTIFS($B$2:$B6,"s",$C$2:$C6,"CSF"))-1,96)/12))&(MOD((COUNTIFS($B$2:$B6,"s",$C$2:$C6,"SER")+COUNTIFS($B$2:$B6,"s",$C$2:$C6,"PLH")+COUNTIFS($B$2:$B6,"s",$C$2:$C6,"CSF"))-1,12)+1),"N/A"),"") | J6: =IF(AND($A6<>"",$B6<>"",$C6<>"",$D6<>"",$E6<>""),IF(AND($B6="s",OR($C6="SER",$C6="PLH")),"Case MAX Planck Plate "&(INT(((COUNTIFS($B$2:$B6,"s",$C$2:$C6,"SER")+COUNTIFS($B$2:$B6,"s",$C$2:$C6,"PLH"))-1)/96)+1)&": "&CHAR(65+INT(MOD((COUNTIFS($B$2:$B6,"s",$C$2:$C6,"SER")+COUNTIFS($B$2:$B6,"s",$C$2:$C6,"PLH"))-1,96)/12))&(MOD((COUNTIFS($B$2:$B6,"s",$C$2:$C6,"SER")+COUNTIFS($B$2:$B6,"s",$C$2:$C6,"PLH"))-1,12)+1),"N/A"),"") | K6: =IF(AND($A6<>"",$B6<>"",$C6<>"",$D6<>"",$E6<>""),IF($C6="WB","Case WB Box "&(INT((COUNTIFS($C$2:$C6,"WB")-1)/81)+1)&": "&CHAR(65+INT(MOD(COUNTIFS($C$2:$C6,"WB")-1,81)/9))&(MOD(COUNTIFS($C$2:$C6,"WB")-1,9)+1),"N/A"),"") | L6: =IF(AND($A6<>"",$B6<>"",$C6<>"",$D6<>"",$E6<>""),IF($C6="WB","No",IF($B6="i","Yes","")),"") | P6: =IF($A6<>"",MID($A6,5,4),"") | Q6: =IF($D6<>"",TEXT($D6,"mmddyy"),"") | R6: =IF(AND($A6<>"",$B6<>"",$C6<>"",$D6<>""),IF($C6="WB","cs_"&$P6&"_"&$B6&"_wb_"&$Q6,"cs_"&$P6&"_"&$B6&"_"&LOWER($C6)&"_"&IF($C6="CSF","0.50","0.20")&"_"&$Q6),"") | S6: =IF(AND($A6<>"",$B6<>"",$C6="WB",$D6<>""),"cs_"&$P6&"_"&$B6&"_wb_"&$Q6,"") | T6: =IFERROR(VALUE(MID($M6,FIND("Box ",$M6)+4,FIND(":",$M6)-FIND("Box ",$M6)-4)),"") | U6: =IFERROR(CODE(UPPER(LEFT(LEFT(TRIM(MID(SUBSTITUTE(TRIM(MID($M6,FIND(":",$M6)+1,200)),",",REPT(" ",60)),1,60)),IFERROR(FIND("-",TRIM(MID(SUBSTITUTE(TRIM(MID($M6,FIND(":",$M6)+1,200)),",",REPT(" ",60)),1,60)))-1,LEN(TRIM(MID(SUBSTITUTE(TRIM(MID($M6,FIND(":",$M6)+1,200)),",",REPT(" ",60)),1,60))))),1)))-64,"") | V6: =IFERROR(VALUE(MID(LEFT(TRIM(MID(SUBSTITUTE(TRIM(MID($M6,FIND(":",$M6)+1,200)),",",REPT(" ",60)),1,60)),IFERROR(FIND("-",TRIM(MID(SUBSTITUTE(TRIM(MID($M6,FIND(":",$M6)+1,200)),",",REPT(" ",60)),1,60)))-1,LEN(TRIM(MID(SUBSTITUTE(TRIM(MID($M6,FIND(":",$M6)+1,200)),",",REPT(" ",60)),1,60))))),2,3)),"") | W6: =IFERROR(CODE(UPPER(LEFT(IFERROR(MID(TRIM(MID(SUBSTITUTE(TRIM(MID($M6,FIND(":",$M6)+1,200)),",",REPT(" ",60)),1,60)),FIND("-",TRIM(MID(SUBSTITUTE(TRIM(MID($M6,FIND(":",$M6)+1,200)),",",REPT(" ",60)),1,60)))+1,99),LEFT(TRIM(MID(SUBSTITUTE(TRIM(MID($M6,FIND(":",$M6)+1,200)),",",REPT(" ",60)),1,60)),IFERROR(FIND("-",TRIM(MID(SUBSTITUTE(TRIM(MID($M6,FIND(":",$M6)+1,200)),",",REPT(" ",60)),1,60)))-1,LEN(TRIM(MID(SUBSTITUTE(TRIM(MID($M6,FIND(":",$M6)+1,200)),",",REPT(" ",60)),1,60)))))),1)))-64,"") | X6: =IFERROR(VALUE(MID(IFERROR(MID(TRIM(MID(SUBSTITUTE(TRIM(MID($M6,FIND(":",$M6)+1,200)),",",REPT(" ",60)),1,60)),FIND("-",TRIM(MID(SUBSTITUTE(TRIM(MID($M6,FIND(":",$M6)+1,200)),",",REPT(" ",60)),1,60)))+1,99),LEFT(TRIM(MID(SUBSTITUTE(TRIM(MID($M6,FIND(":",$M6)+1,200)),",",REPT(" ",60)),1,60)),IFERROR(FIND("-",TRIM(MID(SUBSTITUTE(TRIM(MID($M6,FIND(":",$M6)+1,200)),",",REPT(" ",60)),1,60)))-1,LEN(TRIM(MID(SUBSTITUTE(TRIM(MID($M6,FIND(":",$M6)+1,200)),",",REPT(" ",60)),1,60)))))),2,3)),"") | Y6: =IF(AND($A6<>"",$B6<>"",$C6<>"",$D6<>""),"cs_"&$P6&"_"&$B6&"_"&LOWER($C6)&"_","") | Z6: =IFERROR(($W6-$U6+1)*($X6-$V6+1),0) -> 0 | AA6: =IFERROR(CODE(UPPER(LEFT(LEFT(TRIM(MID(SUBSTITUTE(TRIM(MID($M6,FIND(":",$M6)+1,200)),",",REPT(" ",60)),61,60)),IFERROR(FIND("-",TRIM(MID(SUBSTITUTE(TRIM(MID($M6,FIND(":",$M6)+1,200)),",",REPT(" ",60)),61,60)))-1,LEN(TRIM(MID(SUBSTITUTE(TRIM(MID($M6,FIND(":",$M6)+1,200)),",",REPT(" ",60)),61,60))))),1)))-64,"") | AB6: =IFERROR(VALUE(MID(LEFT(TRIM(MID(SUBSTITUTE(TRIM(MID($M6,FIND(":",$M6)+1,200)),",",REPT(" ",60)),61,60)),IFERROR(FIND("-",TRIM(MID(SUBSTITUTE(TRIM(MID($M6,FIND(":",$M6)+1,200)),",",REPT(" ",60)),61,60)))-1,LEN(TRIM(MID(SUBSTITUTE(TRIM(MID($M6,FIND(":",$M6)+1,200)),",",REPT(" ",60)),61,60))))),2,3)),"") | AC6: =IFERROR(CODE(UPPER(LEFT(IFERROR(MID(TRIM(MID(SUBSTITUTE(TRIM(MID($M6,FIND(":",$M6)+1,200)),",",REPT(" ",60)),61,60)),FIND("-",TRIM(MID(SUBSTITUTE(TRIM(MID($M6,FIND(":",$M6)+1,200)),",",REPT(" ",60)),61,60)))+1,99),LEFT(TRIM(MID(SUBSTITUTE(TRIM(MID($M6,FIND(":",$M6)+1,200)),",",REPT(" ",60)),61,60)),IFERROR(FIND("-",TRIM(MID(SUBSTITUTE(TRIM(MID($M6,FIND(":",$M6)+1,200)),",",REPT(" ",60)),61,60)))-1,LEN(TRIM(MID(SUBSTITUTE(TRIM(MID($M6,FIND(":",$M6)+1,200)),",",REPT(" ",60)),61,60)))))),1)))-64,"") | AD6: =IFERROR(VALUE(MID(IFERROR(MID(TRIM(MID(SUBSTITUTE(TRIM(MID($M6,FIND(":",$M6)+1,200)),",",REPT(" ",60)),61,60)),FIND("-",TRIM(MID(SUBSTITUTE(TRIM(MID($M6,FIND(":",$M6)+1,200)),",",REPT(" ",60)),61,60)))+1,99),LEFT(TRIM(MID(SUBSTITUTE(TRIM(MID($M6,FIND(":",$M6)+1,200)),",",REPT(" ",60)),61,60)),IFERROR(FIND("-",TRIM(MID(SUBSTITUTE(TRIM(MID($M6,FIND(":",$M6)+1,200)),",",REPT(" ",60)),61,60)))-1,LEN(TRIM(MID(SUBSTITUTE(TRIM(MID($M6,FIND(":",$M6)+1,200)),",",REPT(" ",60)),61,60)))))),2,3)),"") | AE6: =IFERROR(($AC6-$AA6+1)*($AD6-$AB6+1),0) -> 0
F7: =IF(AND($A7<>"",$B7<>"",$C7<>"",$D7<>"",$E7<>""),TODAY(),"") | H7: =IF(AND($A7<>"",$B7<>"",$C7<>"",$D7<>"",$E7<>""),IF(AND($B7="s",OR($C7="SER",$C7="PLH",$C7="CSF")),"Case CDI Plate "&(INT(((COUNTIFS($B$2:$B7,"s",$C$2:$C7,"SER")+COUNTIFS($B$2:$B7,"s",$C$2:$C7,"PLH")+COUNTIFS($B$2:$B7,"s",$C$2:$C7,"CSF"))-1)/96)+1)&": "&CHAR(65+INT(MOD((COUNTIFS($B$2:$B7,"s",$C$2:$C7,"SER")+COUNTIFS($B$2:$B7,"s",$C$2:$C7,"PLH")+COUNTIFS($B$2:$B7,"s",$C$2:$C7,"CSF"))-1,96)/12))&(MOD((COUNTIFS($B$2:$B7,"s",$C$2:$C7,"SER")+COUNTIFS($B$2:$B7,"s",$C$2:$C7,"PLH")+COUNTIFS($B$2:$B7,"s",$C$2:$C7,"CSF"))-1,12)+1),"N/A"),"") | I7: =IF(AND($A7<>"",$B7<>"",$C7<>"",$D7<>"",$E7<>""),IF(AND($B7="s",OR($C7="SER",$C7="PLH",$C7="CSF")),"Case NIH Plate "&(INT(((COUNTIFS($B$2:$B7,"s",$C$2:$C7,"SER")+COUNTIFS($B$2:$B7,"s",$C$2:$C7,"PLH")+COUNTIFS($B$2:$B7,"s",$C$2:$C7,"CSF"))-1)/96)+1)&": "&CHAR(65+INT(MOD((COUNTIFS($B$2:$B7,"s",$C$2:$C7,"SER")+COUNTIFS($B$2:$B7,"s",$C$2:$C7,"PLH")+COUNTIFS($B$2:$B7,"s",$C$2:$C7,"CSF"))-1,96)/12))&(MOD((COUNTIFS($B$2:$B7,"s",$C$2:$C7,"SER")+COUNTIFS($B$2:$B7,"s",$C$2:$C7,"PLH")+COUNTIFS($B$2:$B7,"s",$C$2:$C7,"CSF"))-1,12)+1),"N/A"),"") | J7: =IF(AND($A7<>"",$B7<>"",$C7<>"",$D7<>"",$E7<>""),IF(AND($B7="s",OR($C7="SER",$C7="PLH")),"Case MAX Planck Plate "&(INT(((COUNTIFS($B$2:$B7,"s",$C$2:$C7,"SER")+COUNTIFS($B$2:$B7,"s",$C$2:$C7,"PLH"))-1)/96)+1)&": "&CHAR(65+INT(MOD((COUNTIFS($B$2:$B7,"s",$C$2:$C7,"SER")+COUNTIFS($B$2:$B7,"s",$C$2:$C7,"PLH"))-1,96)/12))&(MOD((COUNTIFS($B$2:$B7,"s",$C$2:$C7,"SER")+COUNTIFS($B$2:$B7,"s",$C$2:$C7,"PLH"))-1,12)+1),"N/A"),"") | K7: =IF(AND($A7<>"",$B7<>"",$C7<>"",$D7<>"",$E7<>""),IF($C7="WB","Case WB Box "&(INT((COUNTIFS($C$2:$C7,"WB")-1)/81)+1)&": "&CHAR(65+INT(MOD(COUNTIFS($C$2:$C7,"WB")-1,81)/9))&(MOD(COUNTIFS($C$2:$C7,"WB")-1,9)+1),"N/A"),"") | L7: =IF(AND($A7<>"",$B7<>"",$C7<>"",$D7<>"",$E7<>""),IF($C7="WB","No",IF($B7="i","Yes","")),"") | P7: =IF($A7<>"",MID($A7,5,4),"") | Q7: =IF($D7<>"",TEXT($D7,"mmddyy"),"") | R7: =IF(AND($A7<>"",$B7<>"",$C7<>"",$D7<>""),IF($C7="WB","cs_"&$P7&"_"&$B7&"_wb_"&$Q7,"cs_"&$P7&"_"&$B7&"_"&LOWER($C7)&"_"&IF($C7="CSF","0.50","0.20")&"_"&$Q7),"") | S7: =IF(AND($A7<>"",$B7<>"",$C7="WB",$D7<>""),"cs_"&$P7&"_"&$B7&"_wb_"&$Q7,"") | T7: =IFERROR(VALUE(MID($M7,FIND("Box ",$M7)+4,FIND(":",$M7)-FIND("Box ",$M7)-4)),"") | U7: =IFERROR(CODE(UPPER(LEFT(LEFT(TRIM(MID(SUBSTITUTE(TRIM(MID($M7,FIND(":",$M7)+1,200)),",",REPT(" ",60)),1,60)),IFERROR(FIND("-",TRIM(MID(SUBSTITUTE(TRIM(MID($M7,FIND(":",$M7)+1,200)),",",REPT(" ",60)),1,60)))-1,LEN(TRIM(MID(SUBSTITUTE(TRIM(MID($M7,FIND(":",$M7)+1,200)),",",REPT(" ",60)),1,60))))),1)))-64,"") | V7: =IFERROR(VALUE(MID(LEFT(TRIM(MID(SUBSTITUTE(TRIM(MID($M7,FIND(":",$M7)+1,200)),",",REPT(" ",60)),1,60)),IFERROR(FIND("-",TRIM(MID(SUBSTITUTE(TRIM(MID($M7,FIND(":",$M7)+1,200)),",",REPT(" ",60)),1,60)))-1,LEN(TRIM(MID(SUBSTITUTE(TRIM(MID($M7,FIND(":",$M7)+1,200)),",",REPT(" ",60)),1,60))))),2,3)),"") | W7: =IFERROR(CODE(UPPER(LEFT(IFERROR(MID(TRIM(MID(SUBSTITUTE(TRIM(MID($M7,FIND(":",$M7)+1,200)),",",REPT(" ",60)),1,60)),FIND("-",TRIM(MID(SUBSTITUTE(TRIM(MID($M7,FIND(":",$M7)+1,200)),",",REPT(" ",60)),1,60)))+1,99),LEFT(TRIM(MID(SUBSTITUTE(TRIM(MID($M7,FIND(":",$M7)+1,200)),",",REPT(" ",60)),1,60)),IFERROR(FIND("-",TRIM(MID(SUBSTITUTE(TRIM(MID($M7,FIND(":",$M7)+1,200)),",",REPT(" ",60)),1,60)))-1,LEN(TRIM(MID(SUBSTITUTE(TRIM(MID($M7,FIND(":",$M7)+1,200)),",",REPT(" ",60)),1,60)))))),1)))-64,"") | X7: =IFERROR(VALUE(MID(IFERROR(MID(TRIM(MID(SUBSTITUTE(TRIM(MID($M7,FIND(":",$M7)+1,200)),",",REPT(" ",60)),1,60)),FIND("-",TRIM(MID(SUBSTITUTE(TRIM(MID($M7,FIND(":",$M7)+1,200)),",",REPT(" ",60)),1,60)))+1,99),LEFT(TRIM(MID(SUBSTITUTE(TRIM(MID($M7,FIND(":",$M7)+1,200)),",",REPT(" ",60)),1,60)),IFERROR(FIND("-",TRIM(MID(SUBSTITUTE(TRIM(MID($M7,FIND(":",$M7)+1,200)),",",REPT(" ",60)),1,60)))-1,LEN(TRIM(MID(SUBSTITUTE(TRIM(MID($M7,FIND(":",$M7)+1,200)),",",REPT(" ",60)),1,60)))))),2,3)),"") | Y7: =IF(AND($A7<>"",$B7<>"",$C7<>"",$D7<>""),"cs_"&$P7&"_"&$B7&"_"&LOWER($C7)&"_","") | Z7: =IFERROR(($W7-$U7+1)*($X7-$V7+1),0) -> 0 | AA7: =IFERROR(CODE(UPPER(LEFT(LEFT(TRIM(MID(SUBSTITUTE(TRIM(MID($M7,FIND(":",$M7)+1,200)),",",REPT(" ",60)),61,60)),IFERROR(FIND("-",TRIM(MID(SUBSTITUTE(TRIM(MID($M7,FIND(":",$M7)+1,200)),",",REPT(" ",60)),61,60)))-1,LEN(TRIM(MID(SUBSTITUTE(TRIM(MID($M7,FIND(":",$M7)+1,200)),",",REPT(" ",60)),61,60))))),1)))-64,"") | AB7: =IFERROR(VALUE(MID(LEFT(TRIM(MID(SUBSTITUTE(TRIM(MID($M7,FIND(":",$M7)+1,200)),",",REPT(" ",60)),61,60)),IFERROR(FIND("-",TRIM(MID(SUBSTITUTE(TRIM(MID($M7,FIND(":",$M7)+1,200)),",",REPT(" ",60)),61,60)))-1,LEN(TRIM(MID(SUBSTITUTE(TRIM(MID($M7,FIND(":",$M7)+1,200)),",",REPT(" ",60)),61,60))))),2,3)),"") | AC7: =IFERROR(CODE(UPPER(LEFT(IFERROR(MID(TRIM(MID(SUBSTITUTE(TRIM(MID($M7,FIND(":",$M7)+1,200)),",",REPT(" ",60)),61,60)),FIND("-",TRIM(MID(SUBSTITUTE(TRIM(MID($M7,FIND(":",$M7)+1,200)),",",REPT(" ",60)),61,60)))+1,99),LEFT(TRIM(MID(SUBSTITUTE(TRIM(MID($M7,FIND(":",$M7)+1,200)),",",REPT(" ",60)),61,60)),IFERROR(FIND("-",TRIM(MID(SUBSTITUTE(TRIM(MID($M7,FIND(":",$M7)+1,200)),",",REPT(" ",60)),61,60)))-1,LEN(TRIM(MID(SUBSTITUTE(TRIM(MID($M7,FIND(":",$M7)+1,200)),",",REPT(" ",60)),61,60)))))),1)))-64,"") | AD7: =IFERROR(VALUE(MID(IFERROR(MID(TRIM(MID(SUBSTITUTE(TRIM(MID($M7,FIND(":",$M7)+1,200)),",",REPT(" ",60)),61,60)),FIND("-",TRIM(MID(SUBSTITUTE(TRIM(MID($M7,FIND(":",$M7)+1,200)),",",REPT(" ",60)),61,60)))+1,99),LEFT(TRIM(MID(SUBSTITUTE(TRIM(MID($M7,FIND(":",$M7)+1,200)),",",REPT(" ",60)),61,60)),IFERROR(FIND("-",TRIM(MID(SUBSTITUTE(TRIM(MID($M7,FIND(":",$M7)+1,200)),",",REPT(" ",60)),61,60)))-1,LEN(TRIM(MID(SUBSTITUTE(TRIM(MID($M7,FIND(":",$M7)+1,200)),",",REPT(" ",60)),61,60)))))),2,3)),"") | AE7: =IFERROR(($AC7-$AA7+1)*($AD7-$AB7+1),0) -> 0
F8: =IF(AND($A8<>"",$B8<>"",$C8<>"",$D8<>"",$E8<>""),TODAY(),"") | H8: =IF(AND($A8<>"",$B8<>"",$C8<>"",$D8<>"",$E8<>""),IF(AND($B8="s",OR($C8="SER",$C8="PLH",$C8="CSF")),"Case CDI Plate "&(INT(((COUNTIFS($B$2:$B8,"s",$C$2:$C8,"SER")+COUNTIFS($B$2:$B8,"s",$C$2:$C8,"PLH")+COUNTIFS($B$2:$B8,"s",$C$2:$C8,"CSF"))-1)/96)+1)&": "&CHAR(65+INT(MOD((COUNTIFS($B$2:$B8,"s",$C$2:$C8,"SER")+COUNTIFS($B$2:$B8,"s",$C$2:$C8,"PLH")+COUNTIFS($B$2:$B8,"s",$C$2:$C8,"CSF"))-1,96)/12))&(MOD((COUNTIFS($B$2:$B8,"s",$C$2:$C8,"SER")+COUNTIFS($B$2:$B8,"s",$C$2:$C8,"PLH")+COUNTIFS($B$2:$B8,"s",$C$2:$C8,"CSF"))-1,12)+1),"N/A"),"") | I8: =IF(AND($A8<>"",$B8<>"",$C8<>"",$D8<>"",$E8<>""),IF(AND($B8="s",OR($C8="SER",$C8="PLH",$C8="CSF")),"Case NIH Plate "&(INT(((COUNTIFS($B$2:$B8,"s",$C$2:$C8,"SER")+COUNTIFS($B$2:$B8,"s",$C$2:$C8,"PLH")+COUNTIFS($B$2:$B8,"s",$C$2:$C8,"CSF"))-1)/96)+1)&": "&CHAR(65+INT(MOD((COUNTIFS($B$2:$B8,"s",$C$2:$C8,"SER")+COUNTIFS($B$2:$B8,"s",$C$2:$C8,"PLH")+COUNTIFS($B$2:$B8,"s",$C$2:$C8,"CSF"))-1,96)/12))&(MOD((COUNTIFS($B$2:$B8,"s",$C$2:$C8,"SER")+COUNTIFS($B$2:$B8,"s",$C$2:$C8,"PLH")+COUNTIFS($B$2:$B8,"s",$C$2:$C8,"CSF"))-1,12)+1),"N/A"),"") | J8: =IF(AND($A8<>"",$B8<>"",$C8<>"",$D8<>"",$E8<>""),IF(AND($B8="s",OR($C8="SER",$C8="PLH")),"Case MAX Planck Plate "&(INT(((COUNTIFS($B$2:$B8,"s",$C$2:$C8,"SER")+COUNTIFS($B$2:$B8,"s",$C$2:$C8,"PLH"))-1)/96)+1)&": "&CHAR(65+INT(MOD((COUNTIFS($B$2:$B8,"s",$C$2:$C8,"SER")+COUNTIFS($B$2:$B8,"s",$C$2:$C8,"PLH"))-1,96)/12))&(MOD((COUNTIFS($B$2:$B8,"s",$C$2:$C8,"SER")+COUNTIFS($B$2:$B8,"s",$C$2:$C8,"PLH"))-1,12)+1),"N/A"),"") | K8: =IF(AND($A8<>"",$B8<>"",$C8<>"",$D8<>"",$E8<>""),IF($C8="WB","Case WB Box "&(INT((COUNTIFS($C$2:$C8,"WB")-1)/81)+1)&": "&CHAR(65+INT(MOD(COUNTIFS($C$2:$C8,"WB")-1,81)/9))&(MOD(COUNTIFS($C$2:$C8,"WB")-1,9)+1),"N/A"),"") | L8: =IF(AND($A8<>"",$B8<>"",$C8<>"",$D8<>"",$E8<>""),IF($C8="WB","No",IF($B8="i","Yes","")),"") | P8: =IF($A8<>"",MID($A8,5,4),"") | Q8: =IF($D8<>"",TEXT($D8,"mmddyy"),"") | R8: =IF(AND($A8<>"",$B8<>"",$C8<>"",$D8<>""),IF($C8="WB","cs_"&$P8&"_"&$B8&"_wb_"&$Q8,"cs_"&$P8&"_"&$B8&"_"&LOWER($C8)&"_"&IF($C8="CSF","0.50","0.20")&"_"&$Q8),"") | S8: =IF(AND($A8<>"",$B8<>"",$C8="WB",$D8<>""),"cs_"&$P8&"_"&$B8&"_wb_"&$Q8,"") | T8: =IFERROR(VALUE(MID($M8,FIND("Box ",$M8)+4,FIND(":",$M8)-FIND("Box ",$M8)-4)),"") | U8: =IFERROR(CODE(UPPER(LEFT(LEFT(TRIM(MID(SUBSTITUTE(TRIM(MID($M8,FIND(":",$M8)+1,200)),",",REPT(" ",60)),1,60)),IFERROR(FIND("-",TRIM(MID(SUBSTITUTE(TRIM(MID($M8,FIND(":",$M8)+1,200)),",",REPT(" ",60)),1,60)))-1,LEN(TRIM(MID(SUBSTITUTE(TRIM(MID($M8,FIND(":",$M8)+1,200)),",",REPT(" ",60)),1,60))))),1)))-64,"") | V8: =IFERROR(VALUE(MID(LEFT(TRIM(MID(SUBSTITUTE(TRIM(MID($M8,FIND(":",$M8)+1,200)),",",REPT(" ",60)),1,60)),IFERROR(FIND("-",TRIM(MID(SUBSTITUTE(TRIM(MID($M8,FIND(":",$M8)+1,200)),",",REPT(" ",60)),1,60)))-1,LEN(TRIM(MID(SUBSTITUTE(TRIM(MID($M8,FIND(":",$M8)+1,200)),",",REPT(" ",60)),1,60))))),2,3)),"") | W8: =IFERROR(CODE(UPPER(LEFT(IFERROR(MID(TRIM(MID(SUBSTITUTE(TRIM(MID($M8,FIND(":",$M8)+1,200)),",",REPT(" ",60)),1,60)),FIND("-",TRIM(MID(SUBSTITUTE(TRIM(MID($M8,FIND(":",$M8)+1,200)),",",REPT(" ",60)),1,60)))+1,99),LEFT(TRIM(MID(SUBSTITUTE(TRIM(MID($M8,FIND(":",$M8)+1,200)),",",REPT(" ",60)),1,60)),IFERROR(FIND("-",TRIM(MID(SUBSTITUTE(TRIM(MID($M8,FIND(":",$M8)+1,200)),",",REPT(" ",60)),1,60)))-1,LEN(TRIM(MID(SUBSTITUTE(TRIM(MID($M8,FIND(":",$M8)+1,200)),",",REPT(" ",60)),1,60)))))),1)))-64,"") | X8: =IFERROR(VALUE(MID(IFERROR(MID(TRIM(MID(SUBSTITUTE(TRIM(MID($M8,FIND(":",$M8)+1,200)),",",REPT(" ",60)),1,60)),FIND("-",TRIM(MID(SUBSTITUTE(TRIM(MID($M8,FIND(":",$M8)+1,200)),",",REPT(" ",60)),1,60)))+1,99),LEFT(TRIM(MID(SUBSTITUTE(TRIM(MID($M8,FIND(":",$M8)+1,200)),",",REPT(" ",60)),1,60)),IFERROR(FIND("-",TRIM(MID(SUBSTITUTE(TRIM(MID($M8,FIND(":",$M8)+1,200)),",",REPT(" ",60)),1,60)))-1,LEN(TRIM(MID(SUBSTITUTE(TRIM(MID($M8,FIND(":",$M8)+1,200)),",",REPT(" ",60)),1,60)))))),2,3)),"") | Y8: =IF(AND($A8<>"",$B8<>"",$C8<>"",$D8<>""),"cs_"&$P8&"_"&$B8&"_"&LOWER($C8)&"_","") | Z8: =IFERROR(($W8-$U8+1)*($X8-$V8+1),0) -> 0 | AA8: =IFERROR(CODE(UPPER(LEFT(LEFT(TRIM(MID(SUBSTITUTE(TRIM(MID($M8,FIND(":",$M8)+1,200)),",",REPT(" ",60)),61,60)),IFERROR(FIND("-",TRIM(MID(SUBSTITUTE(TRIM(MID($M8,FIND(":",$M8)+1,200)),",",REPT(" ",60)),61,60)))-1,LEN(TRIM(MID(SUBSTITUTE(TRIM(MID($M8,FIND(":",$M8)+1,200)),",",REPT(" ",60)),61,60))))),1)))-64,"") | AB8: =IFERROR(VALUE(MID(LEFT(TRIM(MID(SUBSTITUTE(TRIM(MID($M8,FIND(":",$M8)+1,200)),",",REPT(" ",60)),61,60)),IFERROR(FIND("-",TRIM(MID(SUBSTITUTE(TRIM(MID($M8,FIND(":",$M8)+1,200)),",",REPT(" ",60)),61,60)))-1,LEN(TRIM(MID(SUBSTITUTE(TRIM(MID($M8,FIND(":",$M8)+1,200)),",",REPT(" ",60)),61,60))))),2,3)),"") | AC8: =IFERROR(CODE(UPPER(LEFT(IFERROR(MID(TRIM(MID(SUBSTITUTE(TRIM(MID($M8,FIND(":",$M8)+1,200)),",",REPT(" ",60)),61,60)),FIND("-",TRIM(MID(SUBSTITUTE(TRIM(MID($M8,FIND(":",$M8)+1,200)),",",REPT(" ",60)),61,60)))+1,99),LEFT(TRIM(MID(SUBSTITUTE(TRIM(MID($M8,FIND(":",$M8)+1,200)),",",REPT(" ",60)),61,60)),IFERROR(FIND("-",TRIM(MID(SUBSTITUTE(TRIM(MID($M8,FIND(":",$M8)+1,200)),",",REPT(" ",60)),61,60)))-1,LEN(TRIM(MID(SUBSTITUTE(TRIM(MID($M8,FIND(":",$M8)+1,200)),",",REPT(" ",60)),61,60)))))),1)))-64,"") | AD8: =IFERROR(VALUE(MID(IFERROR(MID(TRIM(MID(SUBSTITUTE(TRIM(MID($M8,FIND(":",$M8)+1,200)),",",REPT(" ",60)),61,60)),FIND("-",TRIM(MID(SUBSTITUTE(TRIM(MID($M8,FIND(":",$M8)+1,200)),",",REPT(" ",60)),61,60)))+1,99),LEFT(TRIM(MID(SUBSTITUTE(TRIM(MID($M8,FIND(":",$M8)+1,200)),",",REPT(" ",60)),61,60)),IFERROR(FIND("-",TRIM(MID(SUBSTITUTE(TRIM(MID($M8,FIND(":",$M8)+1,200)),",",REPT(" ",60)),61,60)))-1,LEN(TRIM(MID(SUBSTITUTE(TRIM(MID($M8,FIND(":",$M8)+1,200)),",",REPT(" ",60)),61,60)))))),2,3)),"") | AE8: =IFERROR(($AC8-$AA8+1)*($AD8-$AB8+1),0) -> 0
F9: =IF(AND($A9<>"",$B9<>"",$C9<>"",$D9<>"",$E9<>""),TODAY(),"") | H9: =IF(AND($A9<>"",$B9<>"",$C9<>"",$D9<>"",$E9<>""),IF(AND($B9="s",OR($C9="SER",$C9="PLH",$C9="CSF")),"Case CDI Plate "&(INT(((COUNTIFS($B$2:$B9,"s",$C$2:$C9,"SER")+COUNTIFS($B$2:$B9,"s",$C$2:$C9,"PLH")+COUNTIFS($B$2:$B9,"s",$C$2:$C9,"CSF"))-1)/96)+1)&": "&CHAR(65+INT(MOD((COUNTIFS($B$2:$B9,"s",$C$2:$C9,"SER")+COUNTIFS($B$2:$B9,"s",$C$2:$C9,"PLH")+COUNTIFS($B$2:$B9,"s",$C$2:$C9,"CSF"))-1,96)/12))&(MOD((COUNTIFS($B$2:$B9,"s",$C$2:$C9,"SER")+COUNTIFS($B$2:$B9,"s",$C$2:$C9,"PLH")+COUNTIFS($B$2:$B9,"s",$C$2:$C9,"CSF"))-1,12)+1),"N/A"),"") | I9: =IF(AND($A9<>"",$B9<>"",$C9<>"",$D9<>"",$E9<>""),IF(AND($B9="s",OR($C9="SER",$C9="PLH",$C9="CSF")),"Case NIH Plate "&(INT(((COUNTIFS($B$2:$B9,"s",$C$2:$C9,"SER")+COUNTIFS($B$2:$B9,"s",$C$2:$C9,"PLH")+COUNTIFS($B$2:$B9,"s",$C$2:$C9,"CSF"))-1)/96)+1)&": "&CHAR(65+INT(MOD((COUNTIFS($B$2:$B9,"s",$C$2:$C9,"SER")+COUNTIFS($B$2:$B9,"s",$C$2:$C9,"PLH")+COUNTIFS($B$2:$B9,"s",$C$2:$C9,"CSF"))-1,96)/12))&(MOD((COUNTIFS($B$2:$B9,"s",$C$2:$C9,"SER")+COUNTIFS($B$2:$B9,"s",$C$2:$C9,"PLH")+COUNTIFS($B$2:$B9,"s",$C$2:$C9,"CSF"))-1,12)+1),"N/A"),"") | J9: =IF(AND($A9<>"",$B9<>"",$C9<>"",$D9<>"",$E9<>""),IF(AND($B9="s",OR($C9="SER",$C9="PLH")),"Case MAX Planck Plate "&(INT(((COUNTIFS($B$2:$B9,"s",$C$2:$C9,"SER")+COUNTIFS($B$2:$B9,"s",$C$2:$C9,"PLH"))-1)/96)+1)&": "&CHAR(65+INT(MOD((COUNTIFS($B$2:$B9,"s",$C$2:$C9,"SER")+COUNTIFS($B$2:$B9,"s",$C$2:$C9,"PLH"))-1,96)/12))&(MOD((COUNTIFS($B$2:$B9,"s",$C$2:$C9,"SER")+COUNTIFS($B$2:$B9,"s",$C$2:$C9,"PLH"))-1,12)+1),"N/A"),"") | K9: =IF(AND($A9<>"",$B9<>"",$C9<>"",$D9<>"",$E9<>""),IF($C9="WB","Case WB Box "&(INT((COUNTIFS($C$2:$C9,"WB")-1)/81)+1)&": "&CHAR(65+INT(MOD(COUNTIFS($C$2:$C9,"WB")-1,81)/9))&(MOD(COUNTIFS($C$2:$C9,"WB")-1,9)+1),"N/A"),"") | L9: =IF(AND($A9<>"",$B9<>"",$C9<>"",$D9<>"",$E9<>""),IF($C9="WB","No",IF($B9="i","Yes","")),"") | P9: =IF($A9<>"",MID($A9,5,4),"") | Q9: =IF($D9<>"",TEXT($D9,"mmddyy"),"") | R9: =IF(AND($A9<>"",$B9<>"",$C9<>"",$D9<>""),IF($C9="WB","cs_"&$P9&"_"&$B9&"_wb_"&$Q9,"cs_"&$P9&"_"&$B9&"_"&LOWER($C9)&"_"&IF($C9="CSF","0.50","0.20")&"_"&$Q9),"") | S9: =IF(AND($A9<>"",$B9<>"",$C9="WB",$D9<>""),"cs_"&$P9&"_"&$B9&"_wb_"&$Q9,"") | T9: =IFERROR(VALUE(MID($M9,FIND("Box ",$M9)+4,FIND(":",$M9)-FIND("Box ",$M9)-4)),"") | U9: =IFERROR(CODE(UPPER(LEFT(LEFT(TRIM(MID(SUBSTITUTE(TRIM(MID($M9,FIND(":",$M9)+1,200)),",",REPT(" ",60)),1,60)),IFERROR(FIND("-",TRIM(MID(SUBSTITUTE(TRIM(MID($M9,FIND(":",$M9)+1,200)),",",REPT(" ",60)),1,60)))-1,LEN(TRIM(MID(SUBSTITUTE(TRIM(MID($M9,FIND(":",$M9)+1,200)),",",REPT(" ",60)),1,60))))),1)))-64,"") | V9: =IFERROR(VALUE(MID(LEFT(TRIM(MID(SUBSTITUTE(TRIM(MID($M9,FIND(":",$M9)+1,200)),",",REPT(" ",60)),1,60)),IFERROR(FIND("-",TRIM(MID(SUBSTITUTE(TRIM(MID($M9,FIND(":",$M9)+1,200)),",",REPT(" ",60)),1,60)))-1,LEN(TRIM(MID(SUBSTITUTE(TRIM(MID($M9,FIND(":",$M9)+1,200)),",",REPT(" ",60)),1,60))))),2,3)),"") | W9: =IFERROR(CODE(UPPER(LEFT(IFERROR(MID(TRIM(MID(SUBSTITUTE(TRIM(MID($M9,FIND(":",$M9)+1,200)),",",REPT(" ",60)),1,60)),FIND("-",TRIM(MID(SUBSTITUTE(TRIM(MID($M9,FIND(":",$M9)+1,200)),",",REPT(" ",60)),1,60)))+1,99),LEFT(TRIM(MID(SUBSTITUTE(TRIM(MID($M9,FIND(":",$M9)+1,200)),",",REPT(" ",60)),1,60)),IFERROR(FIND("-",TRIM(MID(SUBSTITUTE(TRIM(MID($M9,FIND(":",$M9)+1,200)),",",REPT(" ",60)),1,60)))-1,LEN(TRIM(MID(SUBSTITUTE(TRIM(MID($M9,FIND(":",$M9)+1,200)),",",REPT(" ",60)),1,60)))))),1)))-64,"") | X9: =IFERROR(VALUE(MID(IFERROR(MID(TRIM(MID(SUBSTITUTE(TRIM(MID($M9,FIND(":",$M9)+1,200)),",",REPT(" ",60)),1,60)),FIND("-",TRIM(MID(SUBSTITUTE(TRIM(MID($M9,FIND(":",$M9)+1,200)),",",REPT(" ",60)),1,60)))+1,99),LEFT(TRIM(MID(SUBSTITUTE(TRIM(MID($M9,FIND(":",$M9)+1,200)),",",REPT(" ",60)),1,60)),IFERROR(FIND("-",TRIM(MID(SUBSTITUTE(TRIM(MID($M9,FIND(":",$M9)+1,200)),",",REPT(" ",60)),1,60)))-1,LEN(TRIM(MID(SUBSTITUTE(TRIM(MID($M9,FIND(":",$M9)+1,200)),",",REPT(" ",60)),1,60)))))),2,3)),"") | Y9: =IF(AND($A9<>"",$B9<>"",$C9<>"",$D9<>""),"cs_"&$P9&"_"&$B9&"_"&LOWER($C9)&"_","") | Z9: =IFERROR(($W9-$U9+1)*($X9-$V9+1),0) -> 0 | AA9: =IFERROR(CODE(UPPER(LEFT(LEFT(TRIM(MID(SUBSTITUTE(TRIM(MID($M9,FIND(":",$M9)+1,200)),",",REPT(" ",60)),61,60)),IFERROR(FIND("-",TRIM(MID(SUBSTITUTE(TRIM(MID($M9,FIND(":",$M9)+1,200)),",",REPT(" ",60)),61,60)))-1,LEN(TRIM(MID(SUBSTITUTE(TRIM(MID($M9,FIND(":",$M9)+1,200)),",",REPT(" ",60)),61,60))))),1)))-64,"") | AB9: =IFERROR(VALUE(MID(LEFT(TRIM(MID(SUBSTITUTE(TRIM(MID($M9,FIND(":",$M9)+1,200)),",",REPT(" ",60)),61,60)),IFERROR(FIND("-",TRIM(MID(SUBSTITUTE(TRIM(MID($M9,FIND(":",$M9)+1,200)),",",REPT(" ",60)),61,60)))-1,LEN(TRIM(MID(SUBSTITUTE(TRIM(MID($M9,FIND(":",$M9)+1,200)),",",REPT(" ",60)),61,60))))),2,3)),"") | AC9: =IFERROR(CODE(UPPER(LEFT(IFERROR(MID(TRIM(MID(SUBSTITUTE(TRIM(MID($M9,FIND(":",$M9)+1,200)),",",REPT(" ",60)),61,60)),FIND("-",TRIM(MID(SUBSTITUTE(TRIM(MID($M9,FIND(":",$M9)+1,200)),",",REPT(" ",60)),61,60)))+1,99),LEFT(TRIM(MID(SUBSTITUTE(TRIM(MID($M9,FIND(":",$M9)+1,200)),",",REPT(" ",60)),61,60)),IFERROR(FIND("-",TRIM(MID(SUBSTITUTE(TRIM(MID($M9,FIND(":",$M9)+1,200)),",",REPT(" ",60)),61,60)))-1,LEN(TRIM(MID(SUBSTITUTE(TRIM(MID($M9,FIND(":",$M9)+1,200)),",",REPT(" ",60)),61,60)))))),1)))-64,"") | AD9: =IFERROR(VALUE(MID(IFERROR(MID(TRIM(MID(SUBSTITUTE(TRIM(MID($M9,FIND(":",$M9)+1,200)),",",REPT(" ",60)),61,60)),FIND("-",TRIM(MID(SUBSTITUTE(TRIM(MID($M9,FIND(":",$M9)+1,200)),",",REPT(" ",60)),61,60)))+1,99),LEFT(TRIM(MID(SUBSTITUTE(TRIM(MID($M9,FIND(":",$M9)+1,200)),",",REPT(" ",60)),61,60)),IFERROR(FIND("-",TRIM(MID(SUBSTITUTE(TRIM(MID($M9,FIND(":",$M9)+1,200)),",",REPT(" ",60)),61,60)))-1,LEN(TRIM(MID(SUBSTITUTE(TRIM(MID($M9,FIND(":",$M9)+1,200)),",",REPT(" ",60)),61,60)))))),2,3)),"") | AE9: =IFERROR(($AC9-$AA9+1)*($AD9-$AB9+1),0) -> 0
F10: =IF(AND($A10<>"",$B10<>"",$C10<>"",$D10<>"",$E10<>""),TODAY(),"") | H10: =IF(AND($A10<>"",$B10<>"",$C10<>"",$D10<>"",$E10<>""),IF(AND($B10="s",OR($C10="SER",$C10="PLH",$C10="CSF")),"Case CDI Plate "&(INT(((COUNTIFS($B$2:$B10,"s",$C$2:$C10,"SER")+COUNTIFS($B$2:$B10,"s",$C$2:$C10,"PLH")+COUNTIFS($B$2:$B10,"s",$C$2:$C10,"CSF"))-1)/96)+1)&": "&CHAR(65+INT(MOD((COUNTIFS($B$2:$B10,"s",$C$2:$C10,"SER")+COUNTIFS($B$2:$B10,"s",$C$2:$C10,"PLH")+COUNTIFS($B$2:$B10,"s",$C$2:$C10,"CSF"))-1,96)/12))&(MOD((COUNTIFS($B$2:$B10,"s",$C$2:$C10,"SER")+COUNTIFS($B$2:$B10,"s",$C$2:$C10,"PLH")+COUNTIFS($B$2:$B10,"s",$C$2:$C10,"CSF"))-1,12)+1),"N/A"),"") | I10: =IF(AND($A10<>"",$B10<>"",$C10<>"",$D10<>"",$E10<>""),IF(AND($B10="s",OR($C10="SER",$C10="PLH",$C10="CSF")),"Case NIH Plate "&(INT(((COUNTIFS($B$2:$B10,"s",$C$2:$C10,"SER")+COUNTIFS($B$2:$B10,"s",$C$2:$C10,"PLH")+COUNTIFS($B$2:$B10,"s",$C$2:$C10,"CSF"))-1)/96)+1)&": "&CHAR(65+INT(MOD((COUNTIFS($B$2:$B10,"s",$C$2:$C10,"SER")+COUNTIFS($B$2:$B10,"s",$C$2:$C10,"PLH")+COUNTIFS($B$2:$B10,"s",$C$2:$C10,"CSF"))-1,96)/12))&(MOD((COUNTIFS($B$2:$B10,"s",$C$2:$C10,"SER")+COUNTIFS($B$2:$B10,"s",$C$2:$C10,"PLH")+COUNTIFS($B$2:$B10,"s",$C$2:$C10,"CSF"))-1,12)+1),"N/A"),"") | J10: =IF(AND($A10<>"",$B10<>"",$C10<>"",$D10<>"",$E10<>""),IF(AND($B10="s",OR($C10="SER",$C10="PLH")),"Case MAX Planck Plate "&(INT(((COUNTIFS($B$2:$B10,"s",$C$2:$C10,"SER")+COUNTIFS($B$2:$B10,"s",$C$2:$C10,"PLH"))-1)/96)+1)&": "&CHAR(65+INT(MOD((COUNTIFS($B$2:$B10,"s",$C$2:$C10,"SER")+COUNTIFS($B$2:$B10,"s",$C$2:$C10,"PLH"))-1,96)/12))&(MOD((COUNTIFS($B$2:$B10,"s",$C$2:$C10,"SER")+COUNTIFS($B$2:$B10,"s",$C$2:$C10,"PLH"))-1,12)+1),"N/A"),"") | K10: =IF(AND($A10<>"",$B10<>"",$C10<>"",$D10<>"",$E10<>""),IF($C10="WB","Case WB Box "&(INT((COUNTIFS($C$2:$C10,"WB")-1)/81)+1)&": "&CHAR(65+INT(MOD(COUNTIFS($C$2:$C10,"WB")-1,81)/9))&(MOD(COUNTIFS($C$2:$C10,"WB")-1,9)+1),"N/A"),"") | L10: =IF(AND($A10<>"",$B10<>"",$C10<>"",$D10<>"",$E10<>""),IF($C10="WB","No",IF($B10="i","Yes","")),"") | P10: =IF($A10<>"",MID($A10,5,4),"") | Q10: =IF($D10<>"",TEXT($D10,"mmddyy"),"") | R10: =IF(AND($A10<>"",$B10<>"",$C10<>"",$D10<>""),IF($C10="WB","cs_"&$P10&"_"&$B10&"_wb_"&$Q10,"cs_"&$P10&"_"&$B10&"_"&LOWER($C10)&"_"&IF($C10="CSF","0.50","0.20")&"_"&$Q10),"") | S10: =IF(AND($A10<>"",$B10<>"",$C10="WB",$D10<>""),"cs_"&$P10&"_"&$B10&"_wb_"&$Q10,"") | T10: =IFERROR(VALUE(MID($M10,FIND("Box ",$M10)+4,FIND(":",$M10)-FIND("Box ",$M10)-4)),"") | U10: =IFERROR(CODE(UPPER(LEFT(LEFT(TRIM(MID(SUBSTITUTE(TRIM(MID($M10,FIND(":",$M10)+1,200)),",",REPT(" ",60)),1,60)),IFERROR(FIND("-",TRIM(MID(SUBSTITUTE(TRIM(MID($M10,FIND(":",$M10)+1,200)),",",REPT(" ",60)),1,60)))-1,LEN(TRIM(MID(SUBSTITUTE(TRIM(MID($M10,FIND(":",$M10)+1,200)),",",REPT(" ",60)),1,60))))),1)))-64,"") | V10: =IFERROR(VALUE(MID(LEFT(TRIM(MID(SUBSTITUTE(TRIM(MID($M10,FIND(":",$M10)+1,200)),",",REPT(" ",60)),1,60)),IFERROR(FIND("-",TRIM(MID(SUBSTITUTE(TRIM(MID($M10,FIND(":",$M10)+1,200)),",",REPT(" ",60)),1,60)))-1,LEN(TRIM(MID(SUBSTITUTE(TRIM(MID($M10,FIND(":",$M10)+1,200)),",",REPT(" ",60)),1,60))))),2,3)),"") | W10: =IFERROR(CODE(UPPER(LEFT(IFERROR(MID(TRIM(MID(SUBSTITUTE(TRIM(MID($M10,FIND(":",$M10)+1,200)),",",REPT(" ",60)),1,60)),FIND("-",TRIM(MID(SUBSTITUTE(TRIM(MID($M10,FIND(":",$M10)+1,200)),",",REPT(" ",60)),1,60)))+1,99),LEFT(TRIM(MID(SUBSTITUTE(TRIM(MID($M10,FIND(":",$M10)+1,200)),",",REPT(" ",60)),1,60)),IFERROR(FIND("-",TRIM(MID(SUBSTITUTE(TRIM(MID($M10,FIND(":",$M10)+1,200)),",",REPT(" ",60)),1,60)))-1,LEN(TRIM(MID(SUBSTITUTE(TRIM(MID($M10,FIND(":",$M10)+1,200)),",",REPT(" ",60)),1,60)))))),1)))-64,"") | X10: =IFERROR(VALUE(MID(IFERROR(MID(TRIM(MID(SUBSTITUTE(TRIM(MID($M10,FIND(":",$M10)+1,200)),",",REPT(" ",60)),1,60)),FIND("-",TRIM(MID(SUBSTITUTE(TRIM(MID($M10,FIND(":",$M10)+1,200)),",",REPT(" ",60)),1,60)))+1,99),LEFT(TRIM(MID(SUBSTITUTE(TRIM(MID($M10,FIND(":",$M10)+1,200)),",",REPT(" ",60)),1,60)),IFERROR(FIND("-",TRIM(MID(SUBSTITUTE(TRIM(MID($M10,FIND(":",$M10)+1,200)),",",REPT(" ",60)),1,60)))-1,LEN(TRIM(MID(SUBSTITUTE(TRIM(MID($M10,FIND(":",$M10)+1,200)),",",REPT(" ",60)),1,60)))))),2,3)),"") | Y10: =IF(AND($A10<>"",$B10<>"",$C10<>"",$D10<>""),"cs_"&$P10&"_"&$B10&"_"&LOWER($C10)&"_","") | Z10: =IFERROR(($W10-$U10+1)*($X10-$V10+1),0) -> 0 | AA10: =IFERROR(CODE(UPPER(LEFT(LEFT(TRIM(MID(SUBSTITUTE(TRIM(MID($M10,FIND(":",$M10)+1,200)),",",REPT(" ",60)),61,60)),IFERROR(FIND("-",TRIM(MID(SUBSTITUTE(TRIM(MID($M10,FIND(":",$M10)+1,200)),",",REPT(" ",60)),61,60)))-1,LEN(TRIM(MID(SUBSTITUTE(TRIM(MID($M10,FIND(":",$M10)+1,200)),",",REPT(" ",60)),61,60))))),1)))-64,"") | AB10: =IFERROR(VALUE(MID(LEFT(TRIM(MID(SUBSTITUTE(TRIM(MID($M10,FIND(":",$M10)+1,200)),",",REPT(" ",60)),61,60)),IFERROR(FIND("-",TRIM(MID(SUBSTITUTE(TRIM(MID($M10,FIND(":",$M10)+1,200)),",",REPT(" ",60)),61,60)))-1,LEN(TRIM(MID(SUBSTITUTE(TRIM(MID($M10,FIND(":",$M10)+1,200)),",",REPT(" ",60)),61,60))))),2,3)),"") | AC10: =IFERROR(CODE(UPPER(LEFT(IFERROR(MID(TRIM(MID(SUBSTITUTE(TRIM(MID($M10,FIND(":",$M10)+1,200)),",",REPT(" ",60)),61,60)),FIND("-",TRIM(MID(SUBSTITUTE(TRIM(MID($M10,FIND(":",$M10)+1,200)),",",REPT(" ",60)),61,60)))+1,99),LEFT(TRIM(MID(SUBSTITUTE(TRIM(MID($M10,FIND(":",$M10)+1,200)),",",REPT(" ",60)),61,60)),IFERROR(FIND("-",TRIM(MID(SUBSTITUTE(TRIM(MID($M10,FIND(":",$M10)+1,200)),",",REPT(" ",60)),61,60)))-1,LEN(TRIM(MID(SUBSTITUTE(TRIM(MID($M10,FIND(":",$M10)+1,200)),",",REPT(" ",60)),61,60)))))),1)))-64,"") | AD10: =IFERROR(VALUE(MID(IFERROR(MID(TRIM(MID(SUBSTITUTE(TRIM(MID($M10,FIND(":",$M10)+1,200)),",",REPT(" ",60)),61,60)),FIND("-",TRIM(MID(SUBSTITUTE(TRIM(MID($M10,FIND(":",$M10)+1,200)),",",REPT(" ",60)),61,60)))+1,99),LEFT(TRIM(MID(SUBSTITUTE(TRIM(MID($M10,FIND(":",$M10)+1,200)),",",REPT(" ",60)),61,60)),IFERROR(FIND("-",TRIM(MID(SUBSTITUTE(TRIM(MID($M10,FIND(":",$M10)+1,200)),",",REPT(" ",60)),61,60)))-1,LEN(TRIM(MID(SUBSTITUTE(TRIM(MID($M10,FIND(":",$M10)+1,200)),",",REPT(" ",60)),61,60)))))),2,3)),"") | AE10: =IFERROR(($AC10-$AA10+1)*($AD10-$AB10+1),0) -> 0
F11: =IF(AND($A11<>"",$B11<>"",$C11<>"",$D11<>"",$E11<>""),TODAY(),"") | H11: =IF(AND($A11<>"",$B11<>"",$C11<>"",$D11<>"",$E11<>""),IF(AND($B11="s",OR($C11="SER",$C11="PLH",$C11="CSF")),"Case CDI Plate "&(INT(((COUNTIFS($B$2:$B11,"s",$C$2:$C11,"SER")+COUNTIFS($B$2:$B11,"s",$C$2:$C11,"PLH")+COUNTIFS($B$2:$B11,"s",$C$2:$C11,"CSF"))-1)/96)+1)&": "&CHAR(65+INT(MOD((COUNTIFS($B$2:$B11,"s",$C$2:$C11,"SER")+COUNTIFS($B$2:$B11,"s",$C$2:$C11,"PLH")+COUNTIFS($B$2:$B11,"s",$C$2:$C11,"CSF"))-1,96)/12))&(MOD((COUNTIFS($B$2:$B11,"s",$C$2:$C11,"SER")+COUNTIFS($B$2:$B11,"s",$C$2:$C11,"PLH")+COUNTIFS($B$2:$B11,"s",$C$2:$C11,"CSF"))-1,12)+1),"N/A"),"") | I11: =IF(AND($A11<>"",$B11<>"",$C11<>"",$D11<>"",$E11<>""),IF(AND($B11="s",OR($C11="SER",$C11="PLH",$C11="CSF")),"Case NIH Plate "&(INT(((COUNTIFS($B$2:$B11,"s",$C$2:$C11,"SER")+COUNTIFS($B$2:$B11,"s",$C$2:$C11,"PLH")+COUNTIFS($B$2:$B11,"s",$C$2:$C11,"CSF"))-1)/96)+1)&": "&CHAR(65+INT(MOD((COUNTIFS($B$2:$B11,"s",$C$2:$C11,"SER")+COUNTIFS($B$2:$B11,"s",$C$2:$C11,"PLH")+COUNTIFS($B$2:$B11,"s",$C$2:$C11,"CSF"))-1,96)/12))&(MOD((COUNTIFS($B$2:$B11,"s",$C$2:$C11,"SER")+COUNTIFS($B$2:$B11,"s",$C$2:$C11,"PLH")+COUNTIFS($B$2:$B11,"s",$C$2:$C11,"CSF"))-1,12)+1),"N/A"),"") | J11: =IF(AND($A11<>"",$B11<>"",$C11<>"",$D11<>"",$E11<>""),IF(AND($B11="s",OR($C11="SER",$C11="PLH")),"Case MAX Planck Plate "&(INT(((COUNTIFS($B$2:$B11,"s",$C$2:$C11,"SER")+COUNTIFS($B$2:$B11,"s",$C$2:$C11,"PLH"))-1)/96)+1)&": "&CHAR(65+INT(MOD((COUNTIFS($B$2:$B11,"s",$C$2:$C11,"SER")+COUNTIFS($B$2:$B11,"s",$C$2:$C11,"PLH"))-1,96)/12))&(MOD((COUNTIFS($B$2:$B11,"s",$C$2:$C11,"SER")+COUNTIFS($B$2:$B11,"s",$C$2:$C11,"PLH"))-1,12)+1),"N/A"),"") | K11: =IF(AND($A11<>"",$B11<>"",$C11<>"",$D11<>"",$E11<>""),IF($C11="WB","Case WB Box "&(INT((COUNTIFS($C$2:$C11,"WB")-1)/81)+1)&": "&CHAR(65+INT(MOD(COUNTIFS($C$2:$C11,"WB")-1,81)/9))&(MOD(COUNTIFS($C$2:$C11,"WB")-1,9)+1),"N/A"),"") | L11: =IF(AND($A11<>"",$B11<>"",$C11<>"",$D11<>"",$E11<>""),IF($C11="WB","No",IF($B11="i","Yes","")),"") | P11: =IF($A11<>"",MID($A11,5,4),"") | Q11: =IF($D11<>"",TEXT($D11,"mmddyy"),"") | R11: =IF(AND($A11<>"",$B11<>"",$C11<>"",$D11<>""),IF($C11="WB","cs_"&$P11&"_"&$B11&"_wb_"&$Q11,"cs_"&$P11&"_"&$B11&"_"&LOWER($C11)&"_"&IF($C11="CSF","0.50","0.20")&"_"&$Q11),"") | S11: =IF(AND($A11<>"",$B11<>"",$C11="WB",$D11<>""),"cs_"&$P11&"_"&$B11&"_wb_"&$Q11,"") | T11: =IFERROR(VALUE(MID($M11,FIND("Box ",$M11)+4,FIND(":",$M11)-FIND("Box ",$M11)-4)),"") | U11: =IFERROR(CODE(UPPER(LEFT(LEFT(TRIM(MID(SUBSTITUTE(TRIM(MID($M11,FIND(":",$M11)+1,200)),",",REPT(" ",60)),1,60)),IFERROR(FIND("-",TRIM(MID(SUBSTITUTE(TRIM(MID($M11,FIND(":",$M11)+1,200)),",",REPT(" ",60)),1,60)))-1,LEN(TRIM(MID(SUBSTITUTE(TRIM(MID($M11,FIND(":",$M11)+1,200)),",",REPT(" ",60)),1,60))))),1)))-64,"") | V11: =IFERROR(VALUE(MID(LEFT(TRIM(MID(SUBSTITUTE(TRIM(MID($M11,FIND(":",$M11)+1,200)),",",REPT(" ",60)),1,60)),IFERROR(FIND("-",TRIM(MID(SUBSTITUTE(TRIM(MID($M11,FIND(":",$M11)+1,200)),",",REPT(" ",60)),1,60)))-1,LEN(TRIM(MID(SUBSTITUTE(TRIM(MID($M11,FIND(":",$M11)+1,200)),",",REPT(" ",60)),1,60))))),2,3)),"") | W11: =IFERROR(CODE(UPPER(LEFT(IFERROR(MID(TRIM(MID(SUBSTITUTE(TRIM(MID($M11,FIND(":",$M11)+1,200)),",",REPT(" ",60)),1,60)),FIND("-",TRIM(MID(SUBSTITUTE(TRIM(MID($M11,FIND(":",$M11)+1,200)),",",REPT(" ",60)),1,60)))+1,99),LEFT(TRIM(MID(SUBSTITUTE(TRIM(MID($M11,FIND(":",$M11)+1,200)),",",REPT(" ",60)),1,60)),IFERROR(FIND("-",TRIM(MID(SUBSTITUTE(TRIM(MID($M11,FIND(":",$M11)+1,200)),",",REPT(" ",60)),1,60)))-1,LEN(TRIM(MID(SUBSTITUTE(TRIM(MID($M11,FIND(":",$M11)+1,200)),",",REPT(" ",60)),1,60)))))),1)))-64,"") | X11: =IFERROR(VALUE(MID(IFERROR(MID(TRIM(MID(SUBSTITUTE(TRIM(MID($M11,FIND(":",$M11)+1,200)),",",REPT(" ",60)),1,60)),FIND("-",TRIM(MID(SUBSTITUTE(TRIM(MID($M11,FIND(":",$M11)+1,200)),",",REPT(" ",60)),1,60)))+1,99),LEFT(TRIM(MID(SUBSTITUTE(TRIM(MID($M11,FIND(":",$M11)+1,200)),",",REPT(" ",60)),1,60)),IFERROR(FIND("-",TRIM(MID(SUBSTITUTE(TRIM(MID($M11,FIND(":",$M11)+1,200)),",",REPT(" ",60)),1,60)))-1,LEN(TRIM(MID(SUBSTITUTE(TRIM(MID($M11,FIND(":",$M11)+1,200)),",",REPT(" ",60)),1,60)))))),2,3)),"") | Y11: =IF(AND($A11<>"",$B11<>"",$C11<>"",$D11<>""),"cs_"&$P11&"_"&$B11&"_"&LOWER($C11)&"_","") | Z11: =IFERROR(($W11-$U11+1)*($X11-$V11+1),0) -> 0 | AA11: =IFERROR(CODE(UPPER(LEFT(LEFT(TRIM(MID(SUBSTITUTE(TRIM(MID($M11,FIND(":",$M11)+1,200)),",",REPT(" ",60)),61,60)),IFERROR(FIND("-",TRIM(MID(SUBSTITUTE(TRIM(MID($M11,FIND(":",$M11)+1,200)),",",REPT(" ",60)),61,60)))-1,LEN(TRIM(MID(SUBSTITUTE(TRIM(MID($M11,FIND(":",$M11)+1,200)),",",REPT(" ",60)),61,60))))),1)))-64,"") | AB11: =IFERROR(VALUE(MID(LEFT(TRIM(MID(SUBSTITUTE(TRIM(MID($M11,FIND(":",$M11)+1,200)),",",REPT(" ",60)),61,60)),IFERROR(FIND("-",TRIM(MID(SUBSTITUTE(TRIM(MID($M11,FIND(":",$M11)+1,200)),",",REPT(" ",60)),61,60)))-1,LEN(TRIM(MID(SUBSTITUTE(TRIM(MID($M11,FIND(":",$M11)+1,200)),",",REPT(" ",60)),61,60))))),2,3)),"") | AC11: =IFERROR(CODE(UPPER(LEFT(IFERROR(MID(TRIM(MID(SUBSTITUTE(TRIM(MID($M11,FIND(":",$M11)+1,200)),",",REPT(" ",60)),61,60)),FIND("-",TRIM(MID(SUBSTITUTE(TRIM(MID($M11,FIND(":",$M11)+1,200)),",",REPT(" ",60)),61,60)))+1,99),LEFT(TRIM(MID(SUBSTITUTE(TRIM(MID($M11,FIND(":",$M11)+1,200)),",",REPT(" ",60)),61,60)),IFERROR(FIND("-",TRIM(MID(SUBSTITUTE(TRIM(MID($M11,FIND(":",$M11)+1,200)),",",REPT(" ",60)),61,60)))-1,LEN(TRIM(MID(SUBSTITUTE(TRIM(MID($M11,FIND(":",$M11)+1,200)),",",REPT(" ",60)),61,60)))))),1)))-64,"") | AD11: =IFERROR(VALUE(MID(IFERROR(MID(TRIM(MID(SUBSTITUTE(TRIM(MID($M11,FIND(":",$M11)+1,200)),",",REPT(" ",60)),61,60)),FIND("-",TRIM(MID(SUBSTITUTE(TRIM(MID($M11,FIND(":",$M11)+1,200)),",",REPT(" ",60)),61,60)))+1,99),LEFT(TRIM(MID(SUBSTITUTE(TRIM(MID($M11,FIND(":",$M11)+1,200)),",",REPT(" ",60)),61,60)),IFERROR(FIND("-",TRIM(MID(SUBSTITUTE(TRIM(MID($M11,FIND(":",$M11)+1,200)),",",REPT(" ",60)),61,60)))-1,LEN(TRIM(MID(SUBSTITUTE(TRIM(MID($M11,FIND(":",$M11)+1,200)),",",REPT(" ",60)),61,60)))))),2,3)),"") | AE11: =IFERROR(($AC11-$AA11+1)*($AD11-$AB11+1),0) -> 0
F12: =IF(AND($A12<>"",$B12<>"",$C12<>"",$D12<>"",$E12<>""),TODAY(),"") | H12: =IF(AND($A12<>"",$B12<>"",$C12<>"",$D12<>"",$E12<>""),IF(AND($B12="s",OR($C12="SER",$C12="PLH",$C12="CSF")),"Case CDI Plate "&(INT(((COUNTIFS($B$2:$B12,"s",$C$2:$C12,"SER")+COUNTIFS($B$2:$B12,"s",$C$2:$C12,"PLH")+COUNTIFS($B$2:$B12,"s",$C$2:$C12,"CSF"))-1)/96)+1)&": "&CHAR(65+INT(MOD((COUNTIFS($B$2:$B12,"s",$C$2:$C12,"SER")+COUNTIFS($B$2:$B12,"s",$C$2:$C12,"PLH")+COUNTIFS($B$2:$B12,"s",$C$2:$C12,"CSF"))-1,96)/12))&(MOD((COUNTIFS($B$2:$B12,"s",$C$2:$C12,"SER")+COUNTIFS($B$2:$B12,"s",$C$2:$C12,"PLH")+COUNTIFS($B$2:$B12,"s",$C$2:$C12,"CSF"))-1,12)+1),"N/A"),"") | I12: =IF(AND($A12<>"",$B12<>"",$C12<>"",$D12<>"",$E12<>""),IF(AND($B12="s",OR($C12="SER",$C12="PLH",$C12="CSF")),"Case NIH Plate "&(INT(((COUNTIFS($B$2:$B12,"s",$C$2:$C12,"SER")+COUNTIFS($B$2:$B12,"s",$C$2:$C12,"PLH")+COUNTIFS($B$2:$B12,"s",$C$2:$C12,"CSF"))-1)/96)+1)&": "&CHAR(65+INT(MOD((COUNTIFS($B$2:$B12,"s",$C$2:$C12,"SER")+COUNTIFS($B$2:$B12,"s",$C$2:$C12,"PLH")+COUNTIFS($B$2:$B12,"s",$C$2:$C12,"CSF"))-1,96)/12))&(MOD((COUNTIFS($B$2:$B12,"s",$C$2:$C12,"SER")+COUNTIFS($B$2:$B12,"s",$C$2:$C12,"PLH")+COUNTIFS($B$2:$B12,"s",$C$2:$C12,"CSF"))-1,12)+1),"N/A"),"") | J12: =IF(AND($A12<>"",$B12<>"",$C12<>"",$D12<>"",$E12<>""),IF(AND($B12="s",OR($C12="SER",$C12="PLH")),"Case MAX Planck Plate "&(INT(((COUNTIFS($B$2:$B12,"s",$C$2:$C12,"SER")+COUNTIFS($B$2:$B12,"s",$C$2:$C12,"PLH"))-1)/96)+1)&": "&CHAR(65+INT(MOD((COUNTIFS($B$2:$B12,"s",$C$2:$C12,"SER")+COUNTIFS($B$2:$B12,"s",$C$2:$C12,"PLH"))-1,96)/12))&(MOD((COUNTIFS($B$2:$B12,"s",$C$2:$C12,"SER")+COUNTIFS($B$2:$B12,"s",$C$2:$C12,"PLH"))-1,12)+1),"N/A"),"") | K12: =IF(AND($A12<>"",$B12<>"",$C12<>"",$D12<>"",$E12<>""),IF($C12="WB","Case WB Box "&(INT((COUNTIFS($C$2:$C12,"WB")-1)/81)+1)&": "&CHAR(65+INT(MOD(COUNTIFS($C$2:$C12,"WB")-1,81)/9))&(MOD(COUNTIFS($C$2:$C12,"WB")-1,9)+1),"N/A"),"") | L12: =IF(AND($A12<>"",$B12<>"",$C12<>"",$D12<>"",$E12<>""),IF($C12="WB","No",IF($B12="i","Yes","")),"") | P12: =IF($A12<>"",MID($A12,5,4),"") | Q12: =IF($D12<>"",TEXT($D12,"mmddyy"),"") | R12: =IF(AND($A12<>"",$B12<>"",$C12<>"",$D12<>""),IF($C12="WB","cs_"&$P12&"_"&$B12&"_wb_"&$Q12,"cs_"&$P12&"_"&$B12&"_"&LOWER($C12)&"_"&IF($C12="CSF","0.50","0.20")&"_"&$Q12),"") | S12: =IF(AND($A12<>"",$B12<>"",$C12="WB",$D12<>""),"cs_"&$P12&"_"&$B12&"_wb_"&$Q12,"") | T12: =IFERROR(VALUE(MID($M12,FIND("Box ",$M12)+4,FIND(":",$M12)-FIND("Box ",$M12)-4)),"") | U12: =IFERROR(CODE(UPPER(LEFT(LEFT(TRIM(MID(SUBSTITUTE(TRIM(MID($M12,FIND(":",$M12)+1,200)),",",REPT(" ",60)),1,60)),IFERROR(FIND("-",TRIM(MID(SUBSTITUTE(TRIM(MID($M12,FIND(":",$M12)+1,200)),",",REPT(" ",60)),1,60)))-1,LEN(TRIM(MID(SUBSTITUTE(TRIM(MID($M12,FIND(":",$M12)+1,200)),",",REPT(" ",60)),1,60))))),1)))-64,"") | V12: =IFERROR(VALUE(MID(LEFT(TRIM(MID(SUBSTITUTE(TRIM(MID($M12,FIND(":",$M12)+1,200)),",",REPT(" ",60)),1,60)),IFERROR(FIND("-",TRIM(MID(SUBSTITUTE(TRIM(MID($M12,FIND(":",$M12)+1,200)),",",REPT(" ",60)),1,60)))-1,LEN(TRIM(MID(SUBSTITUTE(TRIM(MID($M12,FIND(":",$M12)+1,200)),",",REPT(" ",60)),1,60))))),2,3)),"") | W12: =IFERROR(CODE(UPPER(LEFT(IFERROR(MID(TRIM(MID(SUBSTITUTE(TRIM(MID($M12,FIND(":",$M12)+1,200)),",",REPT(" ",60)),1,60)),FIND("-",TRIM(MID(SUBSTITUTE(TRIM(MID($M12,FIND(":",$M12)+1,200)),",",REPT(" ",60)),1,60)))+1,99),LEFT(TRIM(MID(SUBSTITUTE(TRIM(MID($M12,FIND(":",$M12)+1,200)),",",REPT(" ",60)),1,60)),IFERROR(FIND("-",TRIM(MID(SUBSTITUTE(TRIM(MID($M12,FIND(":",$M12)+1,200)),",",REPT(" ",60)),1,60)))-1,LEN(TRIM(MID(SUBSTITUTE(TRIM(MID($M12,FIND(":",$M12)+1,200)),",",REPT(" ",60)),1,60)))))),1)))-64,"") | X12: =IFERROR(VALUE(MID(IFERROR(MID(TRIM(MID(SUBSTITUTE(TRIM(MID($M12,FIND(":",$M12)+1,200)),",",REPT(" ",60)),1,60)),FIND("-",TRIM(MID(SUBSTITUTE(TRIM(MID($M12,FIND(":",$M12)+1,200)),",",REPT(" ",60)),1,60)))+1,99),LEFT(TRIM(MID(SUBSTITUTE(TRIM(MID($M12,FIND(":",$M12)+1,200)),",",REPT(" ",60)),1,60)),IFERROR(FIND("-",TRIM(MID(SUBSTITUTE(TRIM(MID($M12,FIND(":",$M12)+1,200)),",",REPT(" ",60)),1,60)))-1,LEN(TRIM(MID(SUBSTITUTE(TRIM(MID($M12,FIND(":",$M12)+1,200)),",",REPT(" ",60)),1,60)))))),2,3)),"") | Y12: =IF(AND($A12<>"",$B12<>"",$C12<>"",$D12<>""),"cs_"&$P12&"_"&$B12&"_"&LOWER($C12)&"_","") | Z12: =IFERROR(($W12-$U12+1)*($X12-$V12+1),0) -> 0 | AA12: =IFERROR(CODE(UPPER(LEFT(LEFT(TRIM(MID(SUBSTITUTE(TRIM(MID($M12,FIND(":",$M12)+1,200)),",",REPT(" ",60)),61,60)),IFERROR(FIND("-",TRIM(MID(SUBSTITUTE(TRIM(MID($M12,FIND(":",$M12)+1,200)),",",REPT(" ",60)),61,60)))-1,LEN(TRIM(MID(SUBSTITUTE(TRIM(MID($M12,FIND(":",$M12)+1,200)),",",REPT(" ",60)),61,60))))),1)))-64,"") | AB12: =IFERROR(VALUE(MID(LEFT(TRIM(MID(SUBSTITUTE(TRIM(MID($M12,FIND(":",$M12)+1,200)),",",REPT(" ",60)),61,60)),IFERROR(FIND("-",TRIM(MID(SUBSTITUTE(TRIM(MID($M12,FIND(":",$M12)+1,200)),",",REPT(" ",60)),61,60)))-1,LEN(TRIM(MID(SUBSTITUTE(TRIM(MID($M12,FIND(":",$M12)+1,200)),",",REPT(" ",60)),61,60))))),2,3)),"") | AC12: =IFERROR(CODE(UPPER(LEFT(IFERROR(MID(TRIM(MID(SUBSTITUTE(TRIM(MID($M12,FIND(":",$M12)+1,200)),",",REPT(" ",60)),61,60)),FIND("-",TRIM(MID(SUBSTITUTE(TRIM(MID($M12,FIND(":",$M12)+1,200)),",",REPT(" ",60)),61,60)))+1,99),LEFT(TRIM(MID(SUBSTITUTE(TRIM(MID($M12,FIND(":",$M12)+1,200)),",",REPT(" ",60)),61,60)),IFERROR(FIND("-",TRIM(MID(SUBSTITUTE(TRIM(MID($M12,FIND(":",$M12)+1,200)),",",REPT(" ",60)),61,60)))-1,LEN(TRIM(MID(SUBSTITUTE(TRIM(MID($M12,FIND(":",$M12)+1,200)),",",REPT(" ",60)),61,60)))))),1)))-64,"") | AD12: =IFERROR(VALUE(MID(IFERROR(MID(TRIM(MID(SUBSTITUTE(TRIM(MID($M12,FIND(":",$M12)+1,200)),",",REPT(" ",60)),61,60)),FIND("-",TRIM(MID(SUBSTITUTE(TRIM(MID($M12,FIND(":",$M12)+1,200)),",",REPT(" ",60)),61,60)))+1,99),LEFT(TRIM(MID(SUBSTITUTE(TRIM(MID($M12,FIND(":",$M12)+1,200)),",",REPT(" ",60)),61,60)),IFERROR(FIND("-",TRIM(MID(SUBSTITUTE(TRIM(MID($M12,FIND(":",$M12)+1,200)),",",REPT(" ",60)),61,60)))-1,LEN(TRIM(MID(SUBSTITUTE(TRIM(MID($M12,FIND(":",$M12)+1,200)),",",REPT(" ",60)),61,60)))))),2,3)),"") | AE12: =IFERROR(($AC12-$AA12+1)*($AD12-$AB12+1),0) -> 0
F13: =IF(AND($A13<>"",$B13<>"",$C13<>"",$D13<>"",$E13<>""),TODAY(),"") | H13: =IF(AND($A13<>"",$B13<>"",$C13<>"",$D13<>"",$E13<>""),IF(AND($B13="s",OR($C13="SER",$C13="PLH",$C13="CSF")),"Case CDI Plate "&(INT(((COUNTIFS($B$2:$B13,"s",$C$2:$C13,"SER")+COUNTIFS($B$2:$B13,"s",$C$2:$C13,"PLH")+COUNTIFS($B$2:$B13,"s",$C$2:$C13,"CSF"))-1)/96)+1)&": "&CHAR(65+INT(MOD((COUNTIFS($B$2:$B13,"s",$C$2:$C13,"SER")+COUNTIFS($B$2:$B13,"s",$C$2:$C13,"PLH")+COUNTIFS($B$2:$B13,"s",$C$2:$C13,"CSF"))-1,96)/12))&(MOD((COUNTIFS($B$2:$B13,"s",$C$2:$C13,"SER")+COUNTIFS($B$2:$B13,"s",$C$2:$C13,"PLH")+COUNTIFS($B$2:$B13,"s",$C$2:$C13,"CSF"))-1,12)+1),"N/A"),"") | I13: =IF(AND($A13<>"",$B13<>"",$C13<>"",$D13<>"",$E13<>""),IF(AND($B13="s",OR($C13="SER",$C13="PLH",$C13="CSF")),"Case NIH Plate "&(INT(((COUNTIFS($B$2:$B13,"s",$C$2:$C13,"SER")+COUNTIFS($B$2:$B13,"s",$C$2:$C13,"PLH")+COUNTIFS($B$2:$B13,"s",$C$2:$C13,"CSF"))-1)/96)+1)&": "&CHAR(65+INT(MOD((COUNTIFS($B$2:$B13,"s",$C$2:$C13,"SER")+COUNTIFS($B$2:$B13,"s",$C$2:$C13,"PLH")+COUNTIFS($B$2:$B13,"s",$C$2:$C13,"CSF"))-1,96)/12))&(MOD((COUNTIFS($B$2:$B13,"s",$C$2:$C13,"SER")+COUNTIFS($B$2:$B13,"s",$C$2:$C13,"PLH")+COUNTIFS($B$2:$B13,"s",$C$2:$C13,"CSF"))-1,12)+1),"N/A"),"") | J13: =IF(AND($A13<>"",$B13<>"",$C13<>"",$D13<>"",$E13<>""),IF(AND($B13="s",OR($C13="SER",$C13="PLH")),"Case MAX Planck Plate "&(INT(((COUNTIFS($B$2:$B13,"s",$C$2:$C13,"SER")+COUNTIFS($B$2:$B13,"s",$C$2:$C13,"PLH"))-1)/96)+1)&": "&CHAR(65+INT(MOD((COUNTIFS($B$2:$B13,"s",$C$2:$C13,"SER")+COUNTIFS($B$2:$B13,"s",$C$2:$C13,"PLH"))-1,96)/12))&(MOD((COUNTIFS($B$2:$B13,"s",$C$2:$C13,"SER")+COUNTIFS($B$2:$B13,"s",$C$2:$C13,"PLH"))-1,12)+1),"N/A"),"") | K13: =IF(AND($A13<>"",$B13<>"",$C13<>"",$D13<>"",$E13<>""),IF($C13="WB","Case WB Box "&(INT((COUNTIFS($C$2:$C13,"WB")-1)/81)+1)&": "&CHAR(65+INT(MOD(COUNTIFS($C$2:$C13,"WB")-1,81)/9))&(MOD(COUNTIFS($C$2:$C13,"WB")-1,9)+1),"N/A"),"") | L13: =IF(AND($A13<>"",$B13<>"",$C13<>"",$D13<>"",$E13<>""),IF($C13="WB","No",IF($B13="i","Yes","")),"") | P13: =IF($A13<>"",MID($A13,5,4),"") | Q13: =IF($D13<>"",TEXT($D13,"mmddyy"),"") | R13: =IF(AND($A13<>"",$B13<>"",$C13<>"",$D13<>""),IF($C13="WB","cs_"&$P13&"_"&$B13&"_wb_"&$Q13,"cs_"&$P13&"_"&$B13&"_"&LOWER($C13)&"_"&IF($C13="CSF","0.50","0.20")&"_"&$Q13),"") | S13: =IF(AND($A13<>"",$B13<>"",$C13="WB",$D13<>""),"cs_"&$P13&"_"&$B13&"_wb_"&$Q13,"") | T13: =IFERROR(VALUE(MID($M13,FIND("Box ",$M13)+4,FIND(":",$M13)-FIND("Box ",$M13)-4)),"") | U13: =IFERROR(CODE(UPPER(LEFT(LEFT(TRIM(MID(SUBSTITUTE(TRIM(MID($M13,FIND(":",$M13)+1,200)),",",REPT(" ",60)),1,60)),IFERROR(FIND("-",TRIM(MID(SUBSTITUTE(TRIM(MID($M13,FIND(":",$M13)+1,200)),",",REPT(" ",60)),1,60)))-1,LEN(TRIM(MID(SUBSTITUTE(TRIM(MID($M13,FIND(":",$M13)+1,200)),",",REPT(" ",60)),1,60))))),1)))-64,"") | V13: =IFERROR(VALUE(MID(LEFT(TRIM(MID(SUBSTITUTE(TRIM(MID($M13,FIND(":",$M13)+1,200)),",",REPT(" ",60)),1,60)),IFERROR(FIND("-",TRIM(MID(SUBSTITUTE(TRIM(MID($M13,FIND(":",$M13)+1,200)),",",REPT(" ",60)),1,60)))-1,LEN(TRIM(MID(SUBSTITUTE(TRIM(MID($M13,FIND(":",$M13)+1,200)),",",REPT(" ",60)),1,60))))),2,3)),"") | W13: =IFERROR(CODE(UPPER(LEFT(IFERROR(MID(TRIM(MID(SUBSTITUTE(TRIM(MID($M13,FIND(":",$M13)+1,200)),",",REPT(" ",60)),1,60)),FIND("-",TRIM(MID(SUBSTITUTE(TRIM(MID($M13,FIND(":",$M13)+1,200)),",",REPT(" ",60)),1,60)))+1,99),LEFT(TRIM(MID(SUBSTITUTE(TRIM(MID($M13,FIND(":",$M13)+1,200)),",",REPT(" ",60)),1,60)),IFERROR(FIND("-",TRIM(MID(SUBSTITUTE(TRIM(MID($M13,FIND(":",$M13)+1,200)),",",REPT(" ",60)),1,60)))-1,LEN(TRIM(MID(SUBSTITUTE(TRIM(MID($M13,FIND(":",$M13)+1,200)),",",REPT(" ",60)),1,60)))))),1)))-64,"") | X13: =IFERROR(VALUE(MID(IFERROR(MID(TRIM(MID(SUBSTITUTE(TRIM(MID($M13,FIND(":",$M13)+1,200)),",",REPT(" ",60)),1,60)),FIND("-",TRIM(MID(SUBSTITUTE(TRIM(MID($M13,FIND(":",$M13)+1,200)),",",REPT(" ",60)),1,60)))+1,99),LEFT(TRIM(MID(SUBSTITUTE(TRIM(MID($M13,FIND(":",$M13)+1,200)),",",REPT(" ",60)),1,60)),IFERROR(FIND("-",TRIM(MID(SUBSTITUTE(TRIM(MID($M13,FIND(":",$M13)+1,200)),",",REPT(" ",60)),1,60)))-1,LEN(TRIM(MID(SUBSTITUTE(TRIM(MID($M13,FIND(":",$M13)+1,200)),",",REPT(" ",60)),1,60)))))),2,3)),"") | Y13: =IF(AND($A13<>"",$B13<>"",$C13<>"",$D13<>""),"cs_"&$P13&"_"&$B13&"_"&LOWER($C13)&"_","") | Z13: =IFERROR(($W13-$U13+1)*($X13-$V13+1),0) -> 0 | AA13: =IFERROR(CODE(UPPER(LEFT(LEFT(TRIM(MID(SUBSTITUTE(TRIM(MID($M13,FIND(":",$M13)+1,200)),",",REPT(" ",60)),61,60)),IFERROR(FIND("-",TRIM(MID(SUBSTITUTE(TRIM(MID($M13,FIND(":",$M13)+1,200)),",",REPT(" ",60)),61,60)))-1,LEN(TRIM(MID(SUBSTITUTE(TRIM(MID($M13,FIND(":",$M13)+1,200)),",",REPT(" ",60)),61,60))))),1)))-64,"") | AB13: =IFERROR(VALUE(MID(LEFT(TRIM(MID(SUBSTITUTE(TRIM(MID($M13,FIND(":",$M13)+1,200)),",",REPT(" ",60)),61,60)),IFERROR(FIND("-",TRIM(MID(SUBSTITUTE(TRIM(MID($M13,FIND(":",$M13)+1,200)),",",REPT(" ",60)),61,60)))-1,LEN(TRIM(MID(SUBSTITUTE(TRIM(MID($M13,FIND(":",$M13)+1,200)),",",REPT(" ",60)),61,60))))),2,3)),"") | AC13: =IFERROR(CODE(UPPER(LEFT(IFERROR(MID(TRIM(MID(SUBSTITUTE(TRIM(MID($M13,FIND(":",$M13)+1,200)),",",REPT(" ",60)),61,60)),FIND("-",TRIM(MID(SUBSTITUTE(TRIM(MID($M13,FIND(":",$M13)+1,200)),",",REPT(" ",60)),61,60)))+1,99),LEFT(TRIM(MID(SUBSTITUTE(TRIM(MID($M13,FIND(":",$M13)+1,200)),",",REPT(" ",60)),61,60)),IFERROR(FIND("-",TRIM(MID(SUBSTITUTE(TRIM(MID($M13,FIND(":",$M13)+1,200)),",",REPT(" ",60)),61,60)))-1,LEN(TRIM(MID(SUBSTITUTE(TRIM(MID($M13,FIND(":",$M13)+1,200)),",",REPT(" ",60)),61,60)))))),1)))-64,"") | AD13: =IFERROR(VALUE(MID(IFERROR(MID(TRIM(MID(SUBSTITUTE(TRIM(MID($M13,FIND(":",$M13)+1,200)),",",REPT(" ",60)),61,60)),FIND("-",TRIM(MID(SUBSTITUTE(TRIM(MID($M13,FIND(":",$M13)+1,200)),",",REPT(" ",60)),61,60)))+1,99),LEFT(TRIM(MID(SUBSTITUTE(TRIM(MID($M13,FIND(":",$M13)+1,200)),",",REPT(" ",60)),61,60)),IFERROR(FIND("-",TRIM(MID(SUBSTITUTE(TRIM(MID($M13,FIND(":",$M13)+1,200)),",",REPT(" ",60)),61,60)))-1,LEN(TRIM(MID(SUBSTITUTE(TRIM(MID($M13,FIND(":",$M13)+1,200)),",",REPT(" ",60)),61,60)))))),2,3)),"") | AE13: =IFERROR(($AC13-$AA13+1)*($AD13-$AB13+1),0) -> 0
... F495: =IF(AND($A495<>"",$B495<>"",$C495<>"",$D495<>"",$E495<>""),TODAY(),"") | H495: =IF(AND($A495<>"",$B495<>"",$C495<>"",$D495<>"",$E495<>""),IF(AND($B495="s",OR($C495="SER",$C495="PLH",$C495="CSF")),"Case CDI Plate "&(INT(((COUNTIFS($B$2:$B495,"s",$C$2:$C495,"SER")+COUNTIFS($B$2:$B495,"s",$C$2:$C495,"PLH")+COUNTIFS($B$2:$B495,"s",$C$2:$C495,"CSF"))-1)/96)+1)&": "&CHAR(65+INT(MOD((COUNTIFS($B$2:$B495,"s",$C$2:$C495,"SER")+COUNTIFS($B$2:$B495,"s",$C$2:$C495,"PLH")+COUNTIFS($B$2:$B495,"s",$C$2:$C495,"CSF"))-1,96)/12))&(MOD((COUNTIFS($B$2:$B495,"s",$C$2:$C495,"SER")+COUNTIFS($B$2:$B495,"s",$C$2:$C495,"PLH")+COUNTIFS($B$2:$B495,"s",$C$2:$C495,"CSF"))-1,12)+1),"N/A"),"") | I495: =IF(AND($A495<>"",$B495<>"",$C495<>"",$D495<>"",$E495<>""),IF(AND($B495="s",OR($C495="SER",$C495="PLH",$C495="CSF")),"Case NIH Plate "&(INT(((COUNTIFS($B$2:$B495,"s",$C$2:$C495,"SER")+COUNTIFS($B$2:$B495,"s",$C$2:$C495,"PLH")+COUNTIFS($B$2:$B495,"s",$C$2:$C495,"CSF"))-1)/96)+1)&": "&CHAR(65+INT(MOD((COUNTIFS($B$2:$B495,"s",$C$2:$C495,"SER")+COUNTIFS($B$2:$B495,"s",$C$2:$C495,"PLH")+COUNTIFS($B$2:$B495,"s",$C$2:$C495,"CSF"))-1,96)/12))&(MOD((COUNTIFS($B$2:$B495,"s",$C$2:$C495,"SER")+COUNTIFS($B$2:$B495,"s",$C$2:$C495,"PLH")+COUNTIFS($B$2:$B495,"s",$C$2:$C495,"CSF"))-1,12)+1),"N/A"),"") | J495: =IF(AND($A495<>"",$B495<>"",$C495<>"",$D495<>"",$E495<>""),IF(AND($B495="s",OR($C495="SER",$C495="PLH")),"Case MAX Planck Plate "&(INT(((COUNTIFS($B$2:$B495,"s",$C$2:$C495,"SER")+COUNTIFS($B$2:$B495,"s",$C$2:$C495,"PLH"))-1)/96)+1)&": "&CHAR(65+INT(MOD((COUNTIFS($B$2:$B495,"s",$C$2:$C495,"SER")+COUNTIFS($B$2:$B495,"s",$C$2:$C495,"PLH"))-1,96)/12))&(MOD((COUNTIFS($B$2:$B495,"s",$C$2:$C495,"SER")+COUNTIFS($B$2:$B495,"s",$C$2:$C495,"PLH"))-1,12)+1),"N/A"),"") | K495: =IF(AND($A495<>"",$B495<>"",$C495<>"",$D495<>"",$E495<>""),IF($C495="WB","Case WB Box "&(INT((COUNTIFS($C$2:$C495,"WB")-1)/81)+1)&": "&CHAR(65+INT(MOD(COUNTIFS($C$2:$C495,"WB")-1,81)/9))&(MOD(COUNTIFS($C$2:$C495,"WB")-1,9)+1),"N/A"),"") | L495: =IF(AND($A495<>"",$B495<>"",$C495<>"",$D495<>"",$E495<>""),IF($C495="WB","No",IF($B495="i","Yes","")),"") | P495: =IF($A495<>"",MID($A495,5,4),"") | Q495: =IF($D495<>"",TEXT($D495,"mmddyy"),"") | R495: =IF(AND($A495<>"",$B495<>"",$C495<>"",$D495<>""),IF($C495="WB","cs_"&$P495&"_"&$B495&"_wb_"&$Q495,"cs_"&$P495&"_"&$B495&"_"&LOWER($C495)&"_"&IF($C495="CSF","0.50","0.20")&"_"&$Q495),"") | S495: =IF(AND($A495<>"",$B495<>"",$C495="WB",$D495<>""),"cs_"&$P495&"_"&$B495&"_wb_"&$Q495,"") | T495: =IFERROR(VALUE(MID($M495,FIND("Box ",$M495)+4,FIND(":",$M495)-FIND("Box ",$M495)-4)),"") | U495: =IFERROR(CODE(UPPER(LEFT(LEFT(TRIM(MID(SUBSTITUTE(TRIM(MID($M495,FIND(":",$M495)+1,200)),",",REPT(" ",60)),1,60)),IFERROR(FIND("-",TRIM(MID(SUBSTITUTE(TRIM(MID($M495,FIND(":",$M495)+1,200)),",",REPT(" ",60)),1,60)))-1,LEN(TRIM(MID(SUBSTITUTE(TRIM(MID($M495,FIND(":",$M495)+1,200)),",",REPT(" ",60)),1,60))))),1)))-64,"") | V495: =IFERROR(VALUE(MID(LEFT(TRIM(MID(SUBSTITUTE(TRIM(MID($M495,FIND(":",$M495)+1,200)),",",REPT(" ",60)),1,60)),IFERROR(FIND("-",TRIM(MID(SUBSTITUTE(TRIM(MID($M495,FIND(":",$M495)+1,200)),",",REPT(" ",60)),1,60)))-1,LEN(TRIM(MID(SUBSTITUTE(TRIM(MID($M495,FIND(":",$M495)+1,200)),",",REPT(" ",60)),1,60))))),2,3)),"") | W495: =IFERROR(CODE(UPPER(LEFT(IFERROR(MID(TRIM(MID(SUBSTITUTE(TRIM(MID($M495,FIND(":",$M495)+1,200)),",",REPT(" ",60)),1,60)),FIND("-",TRIM(MID(SUBSTITUTE(TRIM(MID($M495,FIND(":",$M495)+1,200)),",",REPT(" ",60)),1,60)))+1,99),LEFT(TRIM(MID(SUBSTITUTE(TRIM(MID($M495,FIND(":",$M495)+1,200)),",",REPT(" ",60)),1,60)),IFERROR(FIND("-",TRIM(MID(SUBSTITUTE(TRIM(MID($M495,FIND(":",$M495)+1,200)),",",REPT(" ",60)),1,60)))-1,LEN(TRIM(MID(SUBSTITUTE(TRIM(MID($M495,FIND(":",$M495)+1,200)),",",REPT(" ",60)),1,60)))))),1)))-64,"") | X495: =IFERROR(VALUE(MID(IFERROR(MID(TRIM(MID(SUBSTITUTE(TRIM(MID($M495,FIND(":",$M495)+1,200)),",",REPT(" ",60)),1,60)),FIND("-",TRIM(MID(SUBSTITUTE(TRIM(MID($M495,FIND(":",$M495)+1,200)),",",REPT(" ",60)),1,60)))+1,99),LEFT(TRIM(MID(SUBSTITUTE(TRIM(MID($M495,FIND(":",$M495)+1,200)),",",REPT(" ",60)),1,60)),IFERROR(FIND("-",TRIM(MID(SUBSTITUTE(TRIM(MID($M495,FIND(":",$M495)+1,200)),",",REPT(" ",60)),1,60)))-1,LEN(TRIM(MID(SUBSTITUTE(TRIM(MID($M495,FIND(":",$M495)+1,200)),",",REPT(" ",60)),1,60)))))),2,3)),"") | Y495: =IF(AND($A495<>"",$B495<>"",$C495<>"",$D495<>""),"cs_"&$P495&"_"&$B495&"_"&LOWER($C495)&"_","") | Z495: =IFERROR(($W495-$U495+1)*($X495-$V495+1),0) -> 0 | AA495: =IFERROR(CODE(UPPER(LEFT(LEFT(TRIM(MID(SUBSTITUTE(TRIM(MID($M495,FIND(":",$M495)+1,200)),",",REPT(" ",60)),61,60)),IFERROR(FIND("-",TRIM(MID(SUBSTITUTE(TRIM(MID($M495,FIND(":",$M495)+1,200)),",",REPT(" ",60)),61,60)))-1,LEN(TRIM(MID(SUBSTITUTE(TRIM(MID($M495,FIND(":",$M495)+1,200)),",",REPT(" ",60)),61,60))))),1)))-64,"") | AB495: =IFERROR(VALUE(MID(LEFT(TRIM(MID(SUBSTITUTE(TRIM(MID($M495,FIND(":",$M495)+1,200)),",",REPT(" ",60)),61,60)),IFERROR(FIND("-",TRIM(MID(SUBSTITUTE(TRIM(MID($M495,FIND(":",$M495)+1,200)),",",REPT(" ",60)),61,60)))-1,LEN(TRIM(MID(SUBSTITUTE(TRIM(MID($M495,FIND(":",$M495)+1,200)),",",REPT(" ",60)),61,60))))),2,3)),"") | AC495: =IFERROR(CODE(UPPER(LEFT(IFERROR(MID(TRIM(MID(SUBSTITUTE(TRIM(MID($M495,FIND(":",$M495)+1,200)),",",REPT(" ",60)),61,60)),FIND("-",TRIM(MID(SUBSTITUTE(TRIM(MID($M495,FIND(":",$M495)+1,200)),",",REPT(" ",60)),61,60)))+1,99),LEFT(TRIM(MID(SUBSTITUTE(TRIM(MID($M495,FIND(":",$M495)+1,200)),",",REPT(" ",60)),61,60)),IFERROR(FIND("-",TRIM(MID(SUBSTITUTE(TRIM(MID($M495,FIND(":",$M495)+1,200)),",",REPT(" ",60)),61,60)))-1,LEN(TRIM(MID(SUBSTITUTE(TRIM(MID($M495,FIND(":",$M495)+1,200)),",",REPT(" ",60)),61,60)))))),1)))-64,"") | AD495: =IFERROR(VALUE(MID(IFERROR(MID(TRIM(MID(SUBSTITUTE(TRIM(MID($M495,FIND(":",$M495)+1,200)),",",REPT(" ",60)),61,60)),FIND("-",TRIM(MID(SUBSTITUTE(TRIM(MID($M495,FIND(":",$M495)+1,200)),",",REPT(" ",60)),61,60)))+1,99),LEFT(TRIM(MID(SUBSTITUTE(TRIM(MID($M495,FIND(":",$M495)+1,200)),",",REPT(" ",60)),61,60)),IFERROR(FIND("-",TRIM(MID(SUBSTITUTE(TRIM(MID($M495,FIND(":",$M495)+1,200)),",",REPT(" ",60)),61,60)))-1,LEN(TRIM(MID(SUBSTITUTE(TRIM(MID($M495,FIND(":",$M495)+1,200)),",",REPT(" ",60)),61,60)))))),2,3)),"") | AE495: =IFERROR(($AC495-$AA495+1)*($AD495-$AB495+1),0) -> 0

Sheet CONTROL MASTER
A1: Study Code | B1: Sample Type | C1: Date of Collection | D1: Time of Collection | E1: Freeze Date | F1: Freeze Time | G1: CDI Location | H1: NIH Location | I1: MAX Planck Location | J1: WB Location | K1: Cryovial Tubes (Yes/No) | L1: Cryovial Location | M1: Cryovial Volumes | N1: Additional Notes (If any) | O1: Participant Helper | P1: DateCode Helper | Q1: Matrix Code Helper | R1: WB Code Helper | S1: Cryo Box Helper | T1: Cryo Start Row 1 | U1: Cryo Start Col 1 | V1: Cryo End Row 1 | W1: Cryo End Col 1 | X1: Cryo Prefix Helper | Y1: Cryo Count 1 | Z1: Cryo Start Row 2 | AA1: Cryo Start Col 2 | AB1: Cryo End Row 2 | AC1: Cryo End Col 2 | AD1: Cryo Count 2
E2: =IF(AND($A2<>"",$B2<>"",$C2<>"",$D2<>""),TODAY(),"") | G2: =IF(AND($A2<>"",$B2<>"",$C2<>"",$D2<>""),IF(OR($B2="SER",$B2="PLH",$B2="CSF"),"Control CDI Plate "&(INT(((COUNTIFS($B$2:$B2,"SER")+COUNTIFS($B$2:$B2,"PLH")+COUNTIFS($B$2:$B2,"CSF"))-1)/96)+1)&": "&CHAR(65+INT(MOD((COUNTIFS($B$2:$B2,"SER")+COUNTIFS($B$2:$B2,"PLH")+COUNTIFS($B$2:$B2,"CSF"))-1,96)/12))&(MOD((COUNTIFS($B$2:$B2,"SER")+COUNTIFS($B$2:$B2,"PLH")+COUNTIFS($B$2:$B2,"CSF"))-1,12)+1),"N/A"),"") | H2: =IF(AND($A2<>"",$B2<>"",$C2<>"",$D2<>""),IF(OR($B2="SER",$B2="PLH",$B2="CSF"),"Control NIH Plate "&(INT(((COUNTIFS($B$2:$B2,"SER")+COUNTIFS($B$2:$B2,"PLH")+COUNTIFS($B$2:$B2,"CSF"))-1)/96)+1)&": "&CHAR(65+INT(MOD((COUNTIFS($B$2:$B2,"SER")+COUNTIFS($B$2:$B2,"PLH")+COUNTIFS($B$2:$B2,"CSF"))-1,96)/12))&(MOD((COUNTIFS($B$2:$B2,"SER")+COUNTIFS($B$2:$B2,"PLH")+COUNTIFS($B$2:$B2,"CSF"))-1,12)+1),"N/A"),"") | I2: =IF(AND($A2<>"",$B2<>"",$C2<>"",$D2<>""),IF(OR($B2="SER",$B2="PLH"),"Control MAX Planck Plate "&(INT(((COUNTIFS($B$2:$B2,"SER")+COUNTIFS($B$2:$B2,"PLH"))-1)/96)+1)&": "&CHAR(65+INT(MOD((COUNTIFS($B$2:$B2,"SER")+COUNTIFS($B$2:$B2,"PLH"))-1,96)/12))&(MOD((COUNTIFS($B$2:$B2,"SER")+COUNTIFS($B$2:$B2,"PLH"))-1,12)+1),"N/A"),"") | J2: =IF(AND($A2<>"",$B2<>"",$C2<>"",$D2<>""),IF($B2="WB","Control WB Box "&(INT((COUNTIFS($B$2:$B2,"WB")-1)/81)+1)&": "&CHAR(65+INT(MOD(COUNTIFS($B$2:$B2,"WB")-1,81)/9))&(MOD(COUNTIFS($B$2:$B2,"WB")-1,9)+1),"N/A"),"") | K2: =IF(AND($A2<>"",$B2<>"",$C2<>"",$D2<>""),IF($B2="WB","No",""),"") | O2: =IF($A2<>"",MID($A2,7,4),"") | P2: =IF($C2<>"",TEXT($C2,"mmddyy"),"") | Q2: =IF(AND($A2<>"",$B2<>"",$C2<>""),IF($B2="WB","cn_"&$O2&"_wb_"&$P2,"cn_"&$O2&"_"&LOWER($B2)&"_"&IF($B2="CSF","0.50","0.20")&"_"&$P2),"") | R2: =IF(AND($A2<>"",$B2="WB",$C2<>""),"cn_"&$O2&"_wb_"&$P2,"") | S2: =IFERROR(VALUE(MID($L2,FIND("Box ",$L2)+4,FIND(":",$L2)-FIND("Box ",$L2)-4)),"") | T2: =IFERROR(CODE(UPPER(LEFT(LEFT(TRIM(MID(SUBSTITUTE(TRIM(MID($L2,FIND(":",$L2)+1,200)),",",REPT(" ",60)),1,60)),IFERROR(FIND("-",TRIM(MID(SUBSTITUTE(TRIM(MID($L2,FIND(":",$L2)+1,200)),",",REPT(" ",60)),1,60)))-1,LEN(TRIM(MID(SUBSTITUTE(TRIM(MID($L2,FIND(":",$L2)+1,200)),",",REPT(" ",60)),1,60))))),1)))-64,"") | U2: =IFERROR(VALUE(MID(LEFT(TRIM(MID(SUBSTITUTE(TRIM(MID($L2,FIND(":",$L2)+1,200)),",",REPT(" ",60)),1,60)),IFERROR(FIND("-",TRIM(MID(SUBSTITUTE(TRIM(MID($L2,FIND(":",$L2)+1,200)),",",REPT(" ",60)),1,60)))-1,LEN(TRIM(MID(SUBSTITUTE(TRIM(MID($L2,FIND(":",$L2)+1,200)),",",REPT(" ",60)),1,60))))),2,3)),"") | V2: =IFERROR(CODE(UPPER(LEFT(IFERROR(MID(TRIM(MID(SUBSTITUTE(TRIM(MID($L2,FIND(":",$L2)+1,200)),",",REPT(" ",60)),1,60)),FIND("-",TRIM(MID(SUBSTITUTE(TRIM(MID($L2,FIND(":",$L2)+1,200)),",",REPT(" ",60)),1,60)))+1,99),LEFT(TRIM(MID(SUBSTITUTE(TRIM(MID($L2,FIND(":",$L2)+1,200)),",",REPT(" ",60)),1,60)),IFERROR(FIND("-",TRIM(MID(SUBSTITUTE(TRIM(MID($L2,FIND(":",$L2)+1,200)),",",REPT(" ",60)),1,60)))-1,LEN(TRIM(MID(SUBSTITUTE(TRIM(MID($L2,FIND(":",$L2)+1,200)),",",REPT(" ",60)),1,60)))))),1)))-64,"") | W2: =IFERROR(VALUE(MID(IFERROR(MID(TRIM(MID(SUBSTITUTE(TRIM(MID($L2,FIND(":",$L2)+1,200)),",",REPT(" ",60)),1,60)),FIND("-",TRIM(MID(SUBSTITUTE(TRIM(MID($L2,FIND(":",$L2)+1,200)),",",REPT(" ",60)),1,60)))+1,99),LEFT(TRIM(MID(SUBSTITUTE(TRIM(MID($L2,FIND(":",$L2)+1,200)),",",REPT(" ",60)),1,60)),IFERROR(FIND("-",TRIM(MID(SUBSTITUTE(TRIM(MID($L2,FIND(":",$L2)+1,200)),",",REPT(" ",60)),1,60)))-1,LEN(TRIM(MID(SUBSTITUTE(TRIM(MID($L2,FIND(":",$L2)+1,200)),",",REPT(" ",60)),1,60)))))),2,3)),"") | X2: =IF(AND($A2<>"",$B2<>"",$C2<>""),"cn_"&$O2&"_"&LOWER($B2)&"_","") | Y2: =IFERROR(($V2-$T2+1)*($W2-$U2+1),0) -> 0 | Z2: =IFERROR(CODE(UPPER(LEFT(LEFT(TRIM(MID(SUBSTITUTE(TRIM(MID($L2,FIND(":",$L2)+1,200)),",",REPT(" ",60)),61,60)),IFERROR(FIND("-",TRIM(MID(SUBSTITUTE(TRIM(MID($L2,FIND(":",$L2)+1,200)),",",REPT(" ",60)),61,60)))-1,LEN(TRIM(MID(SUBSTITUTE(TRIM(MID($L2,FIND(":",$L2)+1,200)),",",REPT(" ",60)),61,60))))),1)))-64,"") | AA2: =IFERROR(VALUE(MID(LEFT(TRIM(MID(SUBSTITUTE(TRIM(MID($L2,FIND(":",$L2)+1,200)),",",REPT(" ",60)),61,60)),IFERROR(FIND("-",TRIM(MID(SUBSTITUTE(TRIM(MID($L2,FIND(":",$L2)+1,200)),",",REPT(" ",60)),61,60)))-1,LEN(TRIM(MID(SUBSTITUTE(TRIM(MID($L2,FIND(":",$L2)+1,200)),",",REPT(" ",60)),61,60))))),2,3)),"") | AB2: =IFERROR(CODE(UPPER(LEFT(IFERROR(MID(TRIM(MID(SUBSTITUTE(TRIM(MID($L2,FIND(":",$L2)+1,200)),",",REPT(" ",60)),61,60)),FIND("-",TRIM(MID(SUBSTITUTE(TRIM(MID($L2,FIND(":",$L2)+1,200)),",",REPT(" ",60)),61,60)))+1,99),LEFT(TRIM(MID(SUBSTITUTE(TRIM(MID($L2,FIND(":",$L2)+1,200)),",",REPT(" ",60)),61,60)),IFERROR(FIND("-",TRIM(MID(SUBSTITUTE(TRIM(MID($L2,FIND(":",$L2)+1,200)),",",REPT(" ",60)),61,60)))-1,LEN(TRIM(MID(SUBSTITUTE(TRIM(MID($L2,FIND(":",$L2)+1,200)),",",REPT(" ",60)),61,60)))))),1)))-64,"") | AC2: =IFERROR(VALUE(MID(IFERROR(MID(TRIM(MID(SUBSTITUTE(TRIM(MID($L2,FIND(":",$L2)+1,200)),",",REPT(" ",60)),61,60)),FIND("-",TRIM(MID(SUBSTITUTE(TRIM(MID($L2,FIND(":",$L2)+1,200)),",",REPT(" ",60)),61,60)))+1,99),LEFT(TRIM(MID(SUBSTITUTE(TRIM(MID($L2,FIND(":",$L2)+1,200)),",",REPT(" ",60)),61,60)),IFERROR(FIND("-",TRIM(MID(SUBSTITUTE(TRIM(MID($L2,FIND(":",$L2)+1,200)),",",REPT(" ",60)),61,60)))-1,LEN(TRIM(MID(SUBSTITUTE(TRIM(MID($L2,FIND(":",$L2)+1,200)),",",REPT(" ",60)),61,60)))))),2,3)),"") | AD2: =IFERROR(($AB2-$Z2+1)*($AC2-$AA2+1),0) -> 0
E3: =IF(AND($A3<>"",$B3<>"",$C3<>"",$D3<>""),TODAY(),"") | G3: =IF(AND($A3<>"",$B3<>"",$C3<>"",$D3<>""),IF(OR($B3="SER",$B3="PLH",$B3="CSF"),"Control CDI Plate "&(INT(((COUNTIFS($B$2:$B3,"SER")+COUNTIFS($B$2:$B3,"PLH")+COUNTIFS($B$2:$B3,"CSF"))-1)/96)+1)&": "&CHAR(65+INT(MOD((COUNTIFS($B$2:$B3,"SER")+COUNTIFS($B$2:$B3,"PLH")+COUNTIFS($B$2:$B3,"CSF"))-1,96)/12))&(MOD((COUNTIFS($B$2:$B3,"SER")+COUNTIFS($B$2:$B3,"PLH")+COUNTIFS($B$2:$B3,"CSF"))-1,12)+1),"N/A"),"") | H3: =IF(AND($A3<>"",$B3<>"",$C3<>"",$D3<>""),IF(OR($B3="SER",$B3="PLH",$B3="CSF"),"Control NIH Plate "&(INT(((COUNTIFS($B$2:$B3,"SER")+COUNTIFS($B$2:$B3,"PLH")+COUNTIFS($B$2:$B3,"CSF"))-1)/96)+1)&": "&CHAR(65+INT(MOD((COUNTIFS($B$2:$B3,"SER")+COUNTIFS($B$2:$B3,"PLH")+COUNTIFS($B$2:$B3,"CSF"))-1,96)/12))&(MOD((COUNTIFS($B$2:$B3,"SER")+COUNTIFS($B$2:$B3,"PLH")+COUNTIFS($B$2:$B3,"CSF"))-1,12)+1),"N/A"),"") | I3: =IF(AND($A3<>"",$B3<>"",$C3<>"",$D3<>""),IF(OR($B3="SER",$B3="PLH"),"Control MAX Planck Plate "&(INT(((COUNTIFS($B$2:$B3,"SER")+COUNTIFS($B$2:$B3,"PLH"))-1)/96)+1)&": "&CHAR(65+INT(MOD((COUNTIFS($B$2:$B3,"SER")+COUNTIFS($B$2:$B3,"PLH"))-1,96)/12))&(MOD((COUNTIFS($B$2:$B3,"SER")+COUNTIFS($B$2:$B3,"PLH"))-1,12)+1),"N/A"),"") | J3: =IF(AND($A3<>"",$B3<>"",$C3<>"",$D3<>""),IF($B3="WB","Control WB Box "&(INT((COUNTIFS($B$2:$B3,"WB")-1)/81)+1)&": "&CHAR(65+INT(MOD(COUNTIFS($B$2:$B3,"WB")-1,81)/9))&(MOD(COUNTIFS($B$2:$B3,"WB")-1,9)+1),"N/A"),"") | K3: =IF(AND($A3<>"",$B3<>"",$C3<>"",$D3<>""),IF($B3="WB","No",""),"") | O3: =IF($A3<>"",MID($A3,7,4),"") | P3: =IF($C3<>"",TEXT($C3,"mmddyy"),"") | Q3: =IF(AND($A3<>"",$B3<>"",$C3<>""),IF($B3="WB","cn_"&$O3&"_wb_"&$P3,"cn_"&$O3&"_"&LOWER($B3)&"_"&IF($B3="CSF","0.50","0.20")&"_"&$P3),"") | R3: =IF(AND($A3<>"",$B3="WB",$C3<>""),"cn_"&$O3&"_wb_"&$P3,"") | S3: =IFERROR(VALUE(MID($L3,FIND("Box ",$L3)+4,FIND(":",$L3)-FIND("Box ",$L3)-4)),"") | T3: =IFERROR(CODE(UPPER(LEFT(LEFT(TRIM(MID(SUBSTITUTE(TRIM(MID($L3,FIND(":",$L3)+1,200)),",",REPT(" ",60)),1,60)),IFERROR(FIND("-",TRIM(MID(SUBSTITUTE(TRIM(MID($L3,FIND(":",$L3)+1,200)),",",REPT(" ",60)),1,60)))-1,LEN(TRIM(MID(SUBSTITUTE(TRIM(MID($L3,FIND(":",$L3)+1,200)),",",REPT(" ",60)),1,60))))),1)))-64,"") | U3: =IFERROR(VALUE(MID(LEFT(TRIM(MID(SUBSTITUTE(TRIM(MID($L3,FIND(":",$L3)+1,200)),",",REPT(" ",60)),1,60)),IFERROR(FIND("-",TRIM(MID(SUBSTITUTE(TRIM(MID($L3,FIND(":",$L3)+1,200)),",",REPT(" ",60)),1,60)))-1,LEN(TRIM(MID(SUBSTITUTE(TRIM(MID($L3,FIND(":",$L3)+1,200)),",",REPT(" ",60)),1,60))))),2,3)),"") | V3: =IFERROR(CODE(UPPER(LEFT(IFERROR(MID(TRIM(MID(SUBSTITUTE(TRIM(MID($L3,FIND(":",$L3)+1,200)),",",REPT(" ",60)),1,60)),FIND("-",TRIM(MID(SUBSTITUTE(TRIM(MID($L3,FIND(":",$L3)+1,200)),",",REPT(" ",60)),1,60)))+1,99),LEFT(TRIM(MID(SUBSTITUTE(TRIM(MID($L3,FIND(":",$L3)+1,200)),",",REPT(" ",60)),1,60)),IFERROR(FIND("-",TRIM(MID(SUBSTITUTE(TRIM(MID($L3,FIND(":",$L3)+1,200)),",",REPT(" ",60)),1,60)))-1,LEN(TRIM(MID(SUBSTITUTE(TRIM(MID($L3,FIND(":",$L3)+1,200)),",",REPT(" ",60)),1,60)))))),1)))-64,"") | W3: =IFERROR(VALUE(MID(IFERROR(MID(TRIM(MID(SUBSTITUTE(TRIM(MID($L3,FIND(":",$L3)+1,200)),",",REPT(" ",60)),1,60)),FIND("-",TRIM(MID(SUBSTITUTE(TRIM(MID($L3,FIND(":",$L3)+1,200)),",",REPT(" ",60)),1,60)))+1,99),LEFT(TRIM(MID(SUBSTITUTE(TRIM(MID($L3,FIND(":",$L3)+1,200)),",",REPT(" ",60)),1,60)),IFERROR(FIND("-",TRIM(MID(SUBSTITUTE(TRIM(MID($L3,FIND(":",$L3)+1,200)),",",REPT(" ",60)),1,60)))-1,LEN(TRIM(MID(SUBSTITUTE(TRIM(MID($L3,FIND(":",$L3)+1,200)),",",REPT(" ",60)),1,60)))))),2,3)),"") | X3: =IF(AND($A3<>"",$B3<>"",$C3<>""),"cn_"&$O3&"_"&LOWER($B3)&"_","") | Y3: =IFERROR(($V3-$T3+1)*($W3-$U3+1),0) -> 0 | Z3: =IFERROR(CODE(UPPER(LEFT(LEFT(TRIM(MID(SUBSTITUTE(TRIM(MID($L3,FIND(":",$L3)+1,200)),",",REPT(" ",60)),61,60)),IFERROR(FIND("-",TRIM(MID(SUBSTITUTE(TRIM(MID($L3,FIND(":",$L3)+1,200)),",",REPT(" ",60)),61,60)))-1,LEN(TRIM(MID(SUBSTITUTE(TRIM(MID($L3,FIND(":",$L3)+1,200)),",",REPT(" ",60)),61,60))))),1)))-64,"") | AA3: =IFERROR(VALUE(MID(LEFT(TRIM(MID(SUBSTITUTE(TRIM(MID($L3,FIND(":",$L3)+1,200)),",",REPT(" ",60)),61,60)),IFERROR(FIND("-",TRIM(MID(SUBSTITUTE(TRIM(MID($L3,FIND(":",$L3)+1,200)),",",REPT(" ",60)),61,60)))-1,LEN(TRIM(MID(SUBSTITUTE(TRIM(MID($L3,FIND(":",$L3)+1,200)),",",REPT(" ",60)),61,60))))),2,3)),"") | AB3: =IFERROR(CODE(UPPER(LEFT(IFERROR(MID(TRIM(MID(SUBSTITUTE(TRIM(MID($L3,FIND(":",$L3)+1,200)),",",REPT(" ",60)),61,60)),FIND("-",TRIM(MID(SUBSTITUTE(TRIM(MID($L3,FIND(":",$L3)+1,200)),",",REPT(" ",60)),61,60)))+1,99),LEFT(TRIM(MID(SUBSTITUTE(TRIM(MID($L3,FIND(":",$L3)+1,200)),",",REPT(" ",60)),61,60)),IFERROR(FIND("-",TRIM(MID(SUBSTITUTE(TRIM(MID($L3,FIND(":",$L3)+1,200)),",",REPT(" ",60)),61,60)))-1,LEN(TRIM(MID(SUBSTITUTE(TRIM(MID($L3,FIND(":",$L3)+1,200)),",",REPT(" ",60)),61,60)))))),1)))-64,"") | AC3: =IFERROR(VALUE(MID(IFERROR(MID(TRIM(MID(SUBSTITUTE(TRIM(MID($L3,FIND(":",$L3)+1,200)),",",REPT(" ",60)),61,60)),FIND("-",TRIM(MID(SUBSTITUTE(TRIM(MID($L3,FIND(":",$L3)+1,200)),",",REPT(" ",60)),61,60)))+1,99),LEFT(TRIM(MID(SUBSTITUTE(TRIM(MID($L3,FIND(":",$L3)+1,200)),",",REPT(" ",60)),61,60)),IFERROR(FIND("-",TRIM(MID(SUBSTITUTE(TRIM(MID($L3,FIND(":",$L3)+1,200)),",",REPT(" ",60)),61,60)))-1,LEN(TRIM(MID(SUBSTITUTE(TRIM(MID($L3,FIND(":",$L3)+1,200)),",",REPT(" ",60)),61,60)))))),2,3)),"") | AD3: =IFERROR(($AB3-$Z3+1)*($AC3-$AA3+1),0) -> 0
E4: =IF(AND($A4<>"",$B4<>"",$C4<>"",$D4<>""),TODAY(),"") | G4: =IF(AND($A4<>"",$B4<>"",$C4<>"",$D4<>""),IF(OR($B4="SER",$B4="PLH",$B4="CSF"),"Control CDI Plate "&(INT(((COUNTIFS($B$2:$B4,"SER")+COUNTIFS($B$2:$B4,"PLH")+COUNTIFS($B$2:$B4,"CSF"))-1)/96)+1)&": "&CHAR(65+INT(MOD((COUNTIFS($B$2:$B4,"SER")+COUNTIFS($B$2:$B4,"PLH")+COUNTIFS($B$2:$B4,"CSF"))-1,96)/12))&(MOD((COUNTIFS($B$2:$B4,"SER")+COUNTIFS($B$2:$B4,"PLH")+COUNTIFS($B$2:$B4,"CSF"))-1,12)+1),"N/A"),"") | H4: =IF(AND($A4<>"",$B4<>"",$C4<>"",$D4<>""),IF(OR($B4="SER",$B4="PLH",$B4="CSF"),"Control NIH Plate "&(INT(((COUNTIFS($B$2:$B4,"SER")+COUNTIFS($B$2:$B4,"PLH")+COUNTIFS($B$2:$B4,"CSF"))-1)/96)+1)&": "&CHAR(65+INT(MOD((COUNTIFS($B$2:$B4,"SER")+COUNTIFS($B$2:$B4,"PLH")+COUNTIFS($B$2:$B4,"CSF"))-1,96)/12))&(MOD((COUNTIFS($B$2:$B4,"SER")+COUNTIFS($B$2:$B4,"PLH")+COUNTIFS($B$2:$B4,"CSF"))-1,12)+1),"N/A"),"") | I4: =IF(AND($A4<>"",$B4<>"",$C4<>"",$D4<>""),IF(OR($B4="SER",$B4="PLH"),"Control MAX Planck Plate "&(INT(((COUNTIFS($B$2:$B4,"SER")+COUNTIFS($B$2:$B4,"PLH"))-1)/96)+1)&": "&CHAR(65+INT(MOD((COUNTIFS($B$2:$B4,"SER")+COUNTIFS($B$2:$B4,"PLH"))-1,96)/12))&(MOD((COUNTIFS($B$2:$B4,"SER")+COUNTIFS($B$2:$B4,"PLH"))-1,12)+1),"N/A"),"") | J4: =IF(AND($A4<>"",$B4<>"",$C4<>"",$D4<>""),IF($B4="WB","Control WB Box "&(INT((COUNTIFS($B$2:$B4,"WB")-1)/81)+1)&": "&CHAR(65+INT(MOD(COUNTIFS($B$2:$B4,"WB")-1,81)/9))&(MOD(COUNTIFS($B$2:$B4,"WB")-1,9)+1),"N/A"),"") | K4: =IF(AND($A4<>"",$B4<>"",$C4<>"",$D4<>""),IF($B4="WB","No",""),"") | O4: =IF($A4<>"",MID($A4,7,4),"") | P4: =IF($C4<>"",TEXT($C4,"mmddyy"),"") | Q4: =IF(AND($A4<>"",$B4<>"",$C4<>""),IF($B4="WB","cn_"&$O4&"_wb_"&$P4,"cn_"&$O4&"_"&LOWER($B4)&"_"&IF($B4="CSF","0.50","0.20")&"_"&$P4),"") | R4: =IF(AND($A4<>"",$B4="WB",$C4<>""),"cn_"&$O4&"_wb_"&$P4,"") | S4: =IFERROR(VALUE(MID($L4,FIND("Box ",$L4)+4,FIND(":",$L4)-FIND("Box ",$L4)-4)),"") | T4: =IFERROR(CODE(UPPER(LEFT(LEFT(TRIM(MID(SUBSTITUTE(TRIM(MID($L4,FIND(":",$L4)+1,200)),",",REPT(" ",60)),1,60)),IFERROR(FIND("-",TRIM(MID(SUBSTITUTE(TRIM(MID($L4,FIND(":",$L4)+1,200)),",",REPT(" ",60)),1,60)))-1,LEN(TRIM(MID(SUBSTITUTE(TRIM(MID($L4,FIND(":",$L4)+1,200)),",",REPT(" ",60)),1,60))))),1)))-64,"") | U4: =IFERROR(VALUE(MID(LEFT(TRIM(MID(SUBSTITUTE(TRIM(MID($L4,FIND(":",$L4)+1,200)),",",REPT(" ",60)),1,60)),IFERROR(FIND("-",TRIM(MID(SUBSTITUTE(TRIM(MID($L4,FIND(":",$L4)+1,200)),",",REPT(" ",60)),1,60)))-1,LEN(TRIM(MID(SUBSTITUTE(TRIM(MID($L4,FIND(":",$L4)+1,200)),",",REPT(" ",60)),1,60))))),2,3)),"") | V4: =IFERROR(CODE(UPPER(LEFT(IFERROR(MID(TRIM(MID(SUBSTITUTE(TRIM(MID($L4,FIND(":",$L4)+1,200)),",",REPT(" ",60)),1,60)),FIND("-",TRIM(MID(SUBSTITUTE(TRIM(MID($L4,FIND(":",$L4)+1,200)),",",REPT(" ",60)),1,60)))+1,99),LEFT(TRIM(MID(SUBSTITUTE(TRIM(MID($L4,FIND(":",$L4)+1,200)),",",REPT(" ",60)),1,60)),IFERROR(FIND("-",TRIM(MID(SUBSTITUTE(TRIM(MID($L4,FIND(":",$L4)+1,200)),",",REPT(" ",60)),1,60)))-1,LEN(TRIM(MID(SUBSTITUTE(TRIM(MID($L4,FIND(":",$L4)+1,200)),",",REPT(" ",60)),1,60)))))),1)))-64,"") | W4: =IFERROR(VALUE(MID(IFERROR(MID(TRIM(MID(SUBSTITUTE(TRIM(MID($L4,FIND(":",$L4)+1,200)),",",REPT(" ",60)),1,60)),FIND("-",TRIM(MID(SUBSTITUTE(TRIM(MID($L4,FIND(":",$L4)+1,200)),",",REPT(" ",60)),1,60)))+1,99),LEFT(TRIM(MID(SUBSTITUTE(TRIM(MID($L4,FIND(":",$L4)+1,200)),",",REPT(" ",60)),1,60)),IFERROR(FIND("-",TRIM(MID(SUBSTITUTE(TRIM(MID($L4,FIND(":",$L4)+1,200)),",",REPT(" ",60)),1,60)))-1,LEN(TRIM(MID(SUBSTITUTE(TRIM(MID($L4,FIND(":",$L4)+1,200)),",",REPT(" ",60)),1,60)))))),2,3)),"") | X4: =IF(AND($A4<>"",$B4<>"",$C4<>""),"cn_"&$O4&"_"&LOWER($B4)&"_","") | Y4: =IFERROR(($V4-$T4+1)*($W4-$U4+1),0) -> 0 | Z4: =IFERROR(CODE(UPPER(LEFT(LEFT(TRIM(MID(SUBSTITUTE(TRIM(MID($L4,FIND(":",$L4)+1,200)),",",REPT(" ",60)),61,60)),IFERROR(FIND("-",TRIM(MID(SUBSTITUTE(TRIM(MID($L4,FIND(":",$L4)+1,200)),",",REPT(" ",60)),61,60)))-1,LEN(TRIM(MID(SUBSTITUTE(TRIM(MID($L4,FIND(":",$L4)+1,200)),",",REPT(" ",60)),61,60))))),1)))-64,"") | AA4: =IFERROR(VALUE(MID(LEFT(TRIM(MID(SUBSTITUTE(TRIM(MID($L4,FIND(":",$L4)+1,200)),",",REPT(" ",60)),61,60)),IFERROR(FIND("-",TRIM(MID(SUBSTITUTE(TRIM(MID($L4,FIND(":",$L4)+1,200)),",",REPT(" ",60)),61,60)))-1,LEN(TRIM(MID(SUBSTITUTE(TRIM(MID($L4,FIND(":",$L4)+1,200)),",",REPT(" ",60)),61,60))))),2,3)),"") | AB4: =IFERROR(CODE(UPPER(LEFT(IFERROR(MID(TRIM(MID(SUBSTITUTE(TRIM(MID($L4,FIND(":",$L4)+1,200)),",",REPT(" ",60)),61,60)),FIND("-",TRIM(MID(SUBSTITUTE(TRIM(MID($L4,FIND(":",$L4)+1,200)),",",REPT(" ",60)),61,60)))+1,99),LEFT(TRIM(MID(SUBSTITUTE(TRIM(MID($L4,FIND(":",$L4)+1,200)),",",REPT(" ",60)),61,60)),IFERROR(FIND("-",TRIM(MID(SUBSTITUTE(TRIM(MID($L4,FIND(":",$L4)+1,200)),",",REPT(" ",60)),61,60)))-1,LEN(TRIM(MID(SUBSTITUTE(TRIM(MID($L4,FIND(":",$L4)+1,200)),",",REPT(" ",60)),61,60)))))),1)))-64,"") | AC4: =IFERROR(VALUE(MID(IFERROR(MID(TRIM(MID(SUBSTITUTE(TRIM(MID($L4,FIND(":",$L4)+1,200)),",",REPT(" ",60)),61,60)),FIND("-",TRIM(MID(SUBSTITUTE(TRIM(MID($L4,FIND(":",$L4)+1,200)),",",REPT(" ",60)),61,60)))+1,99),LEFT(TRIM(MID(SUBSTITUTE(TRIM(MID($L4,FIND(":",$L4)+1,200)),",",REPT(" ",60)),61,60)),IFERROR(FIND("-",TRIM(MID(SUBSTITUTE(TRIM(MID($L4,FIND(":",$L4)+1,200)),",",REPT(" ",60)),61,60)))-1,LEN(TRIM(MID(SUBSTITUTE(TRIM(MID($L4,FIND(":",$L4)+1,200)),",",REPT(" ",60)),61,60)))))),2,3)),"") | AD4: =IFERROR(($AB4-$Z4+1)*($AC4-$AA4+1),0) -> 0
E5: =IF(AND($A5<>"",$B5<>"",$C5<>"",$D5<>""),TODAY(),"") | G5: =IF(AND($A5<>"",$B5<>"",$C5<>"",$D5<>""),IF(OR($B5="SER",$B5="PLH",$B5="CSF"),"Control CDI Plate "&(INT(((COUNTIFS($B$2:$B5,"SER")+COUNTIFS($B$2:$B5,"PLH")+COUNTIFS($B$2:$B5,"CSF"))-1)/96)+1)&": "&CHAR(65+INT(MOD((COUNTIFS($B$2:$B5,"SER")+COUNTIFS($B$2:$B5,"PLH")+COUNTIFS($B$2:$B5,"CSF"))-1,96)/12))&(MOD((COUNTIFS($B$2:$B5,"SER")+COUNTIFS($B$2:$B5,"PLH")+COUNTIFS($B$2:$B5,"CSF"))-1,12)+1),"N/A"),"") | H5: =IF(AND($A5<>"",$B5<>"",$C5<>"",$D5<>""),IF(OR($B5="SER",$B5="PLH",$B5="CSF"),"Control NIH Plate "&(INT(((COUNTIFS($B$2:$B5,"SER")+COUNTIFS($B$2:$B5,"PLH")+COUNTIFS($B$2:$B5,"CSF"))-1)/96)+1)&": "&CHAR(65+INT(MOD((COUNTIFS($B$2:$B5,"SER")+COUNTIFS($B$2:$B5,"PLH")+COUNTIFS($B$2:$B5,"CSF"))-1,96)/12))&(MOD((COUNTIFS($B$2:$B5,"SER")+COUNTIFS($B$2:$B5,"PLH")+COUNTIFS($B$2:$B5,"CSF"))-1,12)+1),"N/A"),"") | I5: =IF(AND($A5<>"",$B5<>"",$C5<>"",$D5<>""),IF(OR($B5="SER",$B5="PLH"),"Control MAX Planck Plate "&(INT(((COUNTIFS($B$2:$B5,"SER")+COUNTIFS($B$2:$B5,"PLH"))-1)/96)+1)&": "&CHAR(65+INT(MOD((COUNTIFS($B$2:$B5,"SER")+COUNTIFS($B$2:$B5,"PLH"))-1,96)/12))&(MOD((COUNTIFS($B$2:$B5,"SER")+COUNTIFS($B$2:$B5,"PLH"))-1,12)+1),"N/A"),"") | J5: =IF(AND($A5<>"",$B5<>"",$C5<>"",$D5<>""),IF($B5="WB","Control WB Box "&(INT((COUNTIFS($B$2:$B5,"WB")-1)/81)+1)&": "&CHAR(65+INT(MOD(COUNTIFS($B$2:$B5,"WB")-1,81)/9))&(MOD(COUNTIFS($B$2:$B5,"WB")-1,9)+1),"N/A"),"") | K5: =IF(AND($A5<>"",$B5<>"",$C5<>"",$D5<>""),IF($B5="WB","No",""),"") | O5: =IF($A5<>"",MID($A5,7,4),"") | P5: =IF($C5<>"",TEXT($C5,"mmddyy"),"") | Q5: =IF(AND($A5<>"",$B5<>"",$C5<>""),IF($B5="WB","cn_"&$O5&"_wb_"&$P5,"cn_"&$O5&"_"&LOWER($B5)&"_"&IF($B5="CSF","0.50","0.20")&"_"&$P5),"") | R5: =IF(AND($A5<>"",$B5="WB",$C5<>""),"cn_"&$O5&"_wb_"&$P5,"") | S5: =IFERROR(VALUE(MID($L5,FIND("Box ",$L5)+4,FIND(":",$L5)-FIND("Box ",$L5)-4)),"") | T5: =IFERROR(CODE(UPPER(LEFT(LEFT(TRIM(MID(SUBSTITUTE(TRIM(MID($L5,FIND(":",$L5)+1,200)),",",REPT(" ",60)),1,60)),IFERROR(FIND("-",TRIM(MID(SUBSTITUTE(TRIM(MID($L5,FIND(":",$L5)+1,200)),",",REPT(" ",60)),1,60)))-1,LEN(TRIM(MID(SUBSTITUTE(TRIM(MID($L5,FIND(":",$L5)+1,200)),",",REPT(" ",60)),1,60))))),1)))-64,"") | U5: =IFERROR(VALUE(MID(LEFT(TRIM(MID(SUBSTITUTE(TRIM(MID($L5,FIND(":",$L5)+1,200)),",",REPT(" ",60)),1,60)),IFERROR(FIND("-",TRIM(MID(SUBSTITUTE(TRIM(MID($L5,FIND(":",$L5)+1,200)),",",REPT(" ",60)),1,60)))-1,LEN(TRIM(MID(SUBSTITUTE(TRIM(MID($L5,FIND(":",$L5)+1,200)),",",REPT(" ",60)),1,60))))),2,3)),"") | V5: =IFERROR(CODE(UPPER(LEFT(IFERROR(MID(TRIM(MID(SUBSTITUTE(TRIM(MID($L5,FIND(":",$L5)+1,200)),",",REPT(" ",60)),1,60)),FIND("-",TRIM(MID(SUBSTITUTE(TRIM(MID($L5,FIND(":",$L5)+1,200)),",",REPT(" ",60)),1,60)))+1,99),LEFT(TRIM(MID(SUBSTITUTE(TRIM(MID($L5,FIND(":",$L5)+1,200)),",",REPT(" ",60)),1,60)),IFERROR(FIND("-",TRIM(MID(SUBSTITUTE(TRIM(MID($L5,FIND(":",$L5)+1,200)),",",REPT(" ",60)),1,60)))-1,LEN(TRIM(MID(SUBSTITUTE(TRIM(MID($L5,FIND(":",$L5)+1,200)),",",REPT(" ",60)),1,60)))))),1)))-64,"") | W5: =IFERROR(VALUE(MID(IFERROR(MID(TRIM(MID(SUBSTITUTE(TRIM(MID($L5,FIND(":",$L5)+1,200)),",",REPT(" ",60)),1,60)),FIND("-",TRIM(MID(SUBSTITUTE(TRIM(MID($L5,FIND(":",$L5)+1,200)),",",REPT(" ",60)),1,60)))+1,99),LEFT(TRIM(MID(SUBSTITUTE(TRIM(MID($L5,FIND(":",$L5)+1,200)),",",REPT(" ",60)),1,60)),IFERROR(FIND("-",TRIM(MID(SUBSTITUTE(TRIM(MID($L5,FIND(":",$L5)+1,200)),",",REPT(" ",60)),1,60)))-1,LEN(TRIM(MID(SUBSTITUTE(TRIM(MID($L5,FIND(":",$L5)+1,200)),",",REPT(" ",60)),1,60)))))),2,3)),"") | X5: =IF(AND($A5<>"",$B5<>"",$C5<>""),"cn_"&$O5&"_"&LOWER($B5)&"_","") | Y5: =IFERROR(($V5-$T5+1)*($W5-$U5+1),0) -> 0 | Z5: =IFERROR(CODE(UPPER(LEFT(LEFT(TRIM(MID(SUBSTITUTE(TRIM(MID($L5,FIND(":",$L5)+1,200)),",",REPT(" ",60)),61,60)),IFERROR(FIND("-",TRIM(MID(SUBSTITUTE(TRIM(MID($L5,FIND(":",$L5)+1,200)),",",REPT(" ",60)),61,60)))-1,LEN(TRIM(MID(SUBSTITUTE(TRIM(MID($L5,FIND(":",$L5)+1,200)),",",REPT(" ",60)),61,60))))),1)))-64,"") | AA5: =IFERROR(VALUE(MID(LEFT(TRIM(MID(SUBSTITUTE(TRIM(MID($L5,FIND(":",$L5)+1,200)),",",REPT(" ",60)),61,60)),IFERROR(FIND("-",TRIM(MID(SUBSTITUTE(TRIM(MID($L5,FIND(":",$L5)+1,200)),",",REPT(" ",60)),61,60)))-1,LEN(TRIM(MID(SUBSTITUTE(TRIM(MID($L5,FIND(":",$L5)+1,200)),",",REPT(" ",60)),61,60))))),2,3)),"") | AB5: =IFERROR(CODE(UPPER(LEFT(IFERROR(MID(TRIM(MID(SUBSTITUTE(TRIM(MID($L5,FIND(":",$L5)+1,200)),",",REPT(" ",60)),61,60)),FIND("-",TRIM(MID(SUBSTITUTE(TRIM(MID($L5,FIND(":",$L5)+1,200)),",",REPT(" ",60)),61,60)))+1,99),LEFT(TRIM(MID(SUBSTITUTE(TRIM(MID($L5,FIND(":",$L5)+1,200)),",",REPT(" ",60)),61,60)),IFERROR(FIND("-",TRIM(MID(SUBSTITUTE(TRIM(MID($L5,FIND(":",$L5)+1,200)),",",REPT(" ",60)),61,60)))-1,LEN(TRIM(MID(SUBSTITUTE(TRIM(MID($L5,FIND(":",$L5)+1,200)),",",REPT(" ",60)),61,60)))))),1)))-64,"") | AC5: =IFERROR(VALUE(MID(IFERROR(MID(TRIM(MID(SUBSTITUTE(TRIM(MID($L5,FIND(":",$L5)+1,200)),",",REPT(" ",60)),61,60)),FIND("-",TRIM(MID(SUBSTITUTE(TRIM(MID($L5,FIND(":",$L5)+1,200)),",",REPT(" ",60)),61,60)))+1,99),LEFT(TRIM(MID(SUBSTITUTE(TRIM(MID($L5,FIND(":",$L5)+1,200)),",",REPT(" ",60)),61,60)),IFERROR(FIND("-",TRIM(MID(SUBSTITUTE(TRIM(MID($L5,FIND(":",$L5)+1,200)),",",REPT(" ",60)),61,60)))-1,LEN(TRIM(MID(SUBSTITUTE(TRIM(MID($L5,FIND(":",$L5)+1,200)),",",REPT(" ",60)),61,60)))))),2,3)),"") | AD5: =IFERROR(($AB5-$Z5+1)*($AC5-$AA5+1),0) -> 0
E6: =IF(AND($A6<>"",$B6<>"",$C6<>"",$D6<>""),TODAY(),"") | G6: =IF(AND($A6<>"",$B6<>"",$C6<>"",$D6<>""),IF(OR($B6="SER",$B6="PLH",$B6="CSF"),"Control CDI Plate "&(INT(((COUNTIFS($B$2:$B6,"SER")+COUNTIFS($B$2:$B6,"PLH")+COUNTIFS($B$2:$B6,"CSF"))-1)/96)+1)&": "&CHAR(65+INT(MOD((COUNTIFS($B$2:$B6,"SER")+COUNTIFS($B$2:$B6,"PLH")+COUNTIFS($B$2:$B6,"CSF"))-1,96)/12))&(MOD((COUNTIFS($B$2:$B6,"SER")+COUNTIFS($B$2:$B6,"PLH")+COUNTIFS($B$2:$B6,"CSF"))-1,12)+1),"N/A"),"") | H6: =IF(AND($A6<>"",$B6<>"",$C6<>"",$D6<>""),IF(OR($B6="SER",$B6="PLH",$B6="CSF"),"Control NIH Plate "&(INT(((COUNTIFS($B$2:$B6,"SER")+COUNTIFS($B$2:$B6,"PLH")+COUNTIFS($B$2:$B6,"CSF"))-1)/96)+1)&": "&CHAR(65+INT(MOD((COUNTIFS($B$2:$B6,"SER")+COUNTIFS($B$2:$B6,"PLH")+COUNTIFS($B$2:$B6,"CSF"))-1,96)/12))&(MOD((COUNTIFS($B$2:$B6,"SER")+COUNTIFS($B$2:$B6,"PLH")+COUNTIFS($B$2:$B6,"CSF"))-1,12)+1),"N/A"),"") | I6: =IF(AND($A6<>"",$B6<>"",$C6<>"",$D6<>""),IF(OR($B6="SER",$B6="PLH"),"Control MAX Planck Plate "&(INT(((COUNTIFS($B$2:$B6,"SER")+COUNTIFS($B$2:$B6,"PLH"))-1)/96)+1)&": "&CHAR(65+INT(MOD((COUNTIFS($B$2:$B6,"SER")+COUNTIFS($B$2:$B6,"PLH"))-1,96)/12))&(MOD((COUNTIFS($B$2:$B6,"SER")+COUNTIFS($B$2:$B6,"PLH"))-1,12)+1),"N/A"),"") | J6: =IF(AND($A6<>"",$B6<>"",$C6<>"",$D6<>""),IF($B6="WB","Control WB Box "&(INT((COUNTIFS($B$2:$B6,"WB")-1)/81)+1)&": "&CHAR(65+INT(MOD(COUNTIFS($B$2:$B6,"WB")-1,81)/9))&(MOD(COUNTIFS($B$2:$B6,"WB")-1,9)+1),"N/A"),"") | K6: =IF(AND($A6<>"",$B6<>"",$C6<>"",$D6<>""),IF($B6="WB","No",""),"") | O6: =IF($A6<>"",MID($A6,7,4),"") | P6: =IF($C6<>"",TEXT($C6,"mmddyy"),"") | Q6: =IF(AND($A6<>"",$B6<>"",$C6<>""),IF($B6="WB","cn_"&$O6&"_wb_"&$P6,"cn_"&$O6&"_"&LOWER($B6)&"_"&IF($B6="CSF","0.50","0.20")&"_"&$P6),"") | R6: =IF(AND($A6<>"",$B6="WB",$C6<>""),"cn_"&$O6&"_wb_"&$P6,"") | S6: =IFERROR(VALUE(MID($L6,FIND("Box ",$L6)+4,FIND(":",$L6)-FIND("Box ",$L6)-4)),"") | T6: =IFERROR(CODE(UPPER(LEFT(LEFT(TRIM(MID(SUBSTITUTE(TRIM(MID($L6,FIND(":",$L6)+1,200)),",",REPT(" ",60)),1,60)),IFERROR(FIND("-",TRIM(MID(SUBSTITUTE(TRIM(MID($L6,FIND(":",$L6)+1,200)),",",REPT(" ",60)),1,60)))-1,LEN(TRIM(MID(SUBSTITUTE(TRIM(MID($L6,FIND(":",$L6)+1,200)),",",REPT(" ",60)),1,60))))),1)))-64,"") | U6: =IFERROR(VALUE(MID(LEFT(TRIM(MID(SUBSTITUTE(TRIM(MID($L6,FIND(":",$L6)+1,200)),",",REPT(" ",60)),1,60)),IFERROR(FIND("-",TRIM(MID(SUBSTITUTE(TRIM(MID($L6,FIND(":",$L6)+1,200)),",",REPT(" ",60)),1,60)))-1,LEN(TRIM(MID(SUBSTITUTE(TRIM(MID($L6,FIND(":",$L6)+1,200)),",",REPT(" ",60)),1,60))))),2,3)),"") | V6: =IFERROR(CODE(UPPER(LEFT(IFERROR(MID(TRIM(MID(SUBSTITUTE(TRIM(MID($L6,FIND(":",$L6)+1,200)),",",REPT(" ",60)),1,60)),FIND("-",TRIM(MID(SUBSTITUTE(TRIM(MID($L6,FIND(":",$L6)+1,200)),",",REPT(" ",60)),1,60)))+1,99),LEFT(TRIM(MID(SUBSTITUTE(TRIM(MID($L6,FIND(":",$L6)+1,200)),",",REPT(" ",60)),1,60)),IFERROR(FIND("-",TRIM(MID(SUBSTITUTE(TRIM(MID($L6,FIND(":",$L6)+1,200)),",",REPT(" ",60)),1,60)))-1,LEN(TRIM(MID(SUBSTITUTE(TRIM(MID($L6,FIND(":",$L6)+1,200)),",",REPT(" ",60)),1,60)))))),1)))-64,"") | W6: =IFERROR(VALUE(MID(IFERROR(MID(TRIM(MID(SUBSTITUTE(TRIM(MID($L6,FIND(":",$L6)+1,200)),",",REPT(" ",60)),1,60)),FIND("-",TRIM(MID(SUBSTITUTE(TRIM(MID($L6,FIND(":",$L6)+1,200)),",",REPT(" ",60)),1,60)))+1,99),LEFT(TRIM(MID(SUBSTITUTE(TRIM(MID($L6,FIND(":",$L6)+1,200)),",",REPT(" ",60)),1,60)),IFERROR(FIND("-",TRIM(MID(SUBSTITUTE(TRIM(MID($L6,FIND(":",$L6)+1,200)),",",REPT(" ",60)),1,60)))-1,LEN(TRIM(MID(SUBSTITUTE(TRIM(MID($L6,FIND(":",$L6)+1,200)),",",REPT(" ",60)),1,60)))))),2,3)),"") | X6: =IF(AND($A6<>"",$B6<>"",$C6<>""),"cn_"&$O6&"_"&LOWER($B6)&"_","") | Y6: =IFERROR(($V6-$T6+1)*($W6-$U6+1),0) -> 0 | Z6: =IFERROR(CODE(UPPER(LEFT(LEFT(TRIM(MID(SUBSTITUTE(TRIM(MID($L6,FIND(":",$L6)+1,200)),",",REPT(" ",60)),61,60)),IFERROR(FIND("-",TRIM(MID(SUBSTITUTE(TRIM(MID($L6,FIND(":",$L6)+1,200)),",",REPT(" ",60)),61,60)))-1,LEN(TRIM(MID(SUBSTITUTE(TRIM(MID($L6,FIND(":",$L6)+1,200)),",",REPT(" ",60)),61,60))))),1)))-64,"") | AA6: =IFERROR(VALUE(MID(LEFT(TRIM(MID(SUBSTITUTE(TRIM(MID($L6,FIND(":",$L6)+1,200)),",",REPT(" ",60)),61,60)),IFERROR(FIND("-",TRIM(MID(SUBSTITUTE(TRIM(MID($L6,FIND(":",$L6)+1,200)),",",REPT(" ",60)),61,60)))-1,LEN(TRIM(MID(SUBSTITUTE(TRIM(MID($L6,FIND(":",$L6)+1,200)),",",REPT(" ",60)),61,60))))),2,3)),"") | AB6: =IFERROR(CODE(UPPER(LEFT(IFERROR(MID(TRIM(MID(SUBSTITUTE(TRIM(MID($L6,FIND(":",$L6)+1,200)),",",REPT(" ",60)),61,60)),FIND("-",TRIM(MID(SUBSTITUTE(TRIM(MID($L6,FIND(":",$L6)+1,200)),",",REPT(" ",60)),61,60)))+1,99),LEFT(TRIM(MID(SUBSTITUTE(TRIM(MID($L6,FIND(":",$L6)+1,200)),",",REPT(" ",60)),61,60)),IFERROR(FIND("-",TRIM(MID(SUBSTITUTE(TRIM(MID($L6,FIND(":",$L6)+1,200)),",",REPT(" ",60)),61,60)))-1,LEN(TRIM(MID(SUBSTITUTE(TRIM(MID($L6,FIND(":",$L6)+1,200)),",",REPT(" ",60)),61,60)))))),1)))-64,"") | AC6: =IFERROR(VALUE(MID(IFERROR(MID(TRIM(MID(SUBSTITUTE(TRIM(MID($L6,FIND(":",$L6)+1,200)),",",REPT(" ",60)),61,60)),FIND("-",TRIM(MID(SUBSTITUTE(TRIM(MID($L6,FIND(":",$L6)+1,200)),",",REPT(" ",60)),61,60)))+1,99),LEFT(TRIM(MID(SUBSTITUTE(TRIM(MID($L6,FIND(":",$L6)+1,200)),",",REPT(" ",60)),61,60)),IFERROR(FIND("-",TRIM(MID(SUBSTITUTE(TRIM(MID($L6,FIND(":",$L6)+1,200)),",",REPT(" ",60)),61,60)))-1,LEN(TRIM(MID(SUBSTITUTE(TRIM(MID($L6,FIND(":",$L6)+1,200)),",",REPT(" ",60)),61,60)))))),2,3)),"") | AD6: =IFERROR(($AB6-$Z6+1)*($AC6-$AA6+1),0) -> 0
E7: =IF(AND($A7<>"",$B7<>"",$C7<>"",$D7<>""),TODAY(),"") | G7: =IF(AND($A7<>"",$B7<>"",$C7<>"",$D7<>""),IF(OR($B7="SER",$B7="PLH",$B7="CSF"),"Control CDI Plate "&(INT(((COUNTIFS($B$2:$B7,"SER")+COUNTIFS($B$2:$B7,"PLH")+COUNTIFS($B$2:$B7,"CSF"))-1)/96)+1)&": "&CHAR(65+INT(MOD((COUNTIFS($B$2:$B7,"SER")+COUNTIFS($B$2:$B7,"PLH")+COUNTIFS($B$2:$B7,"CSF"))-1,96)/12))&(MOD((COUNTIFS($B$2:$B7,"SER")+COUNTIFS($B$2:$B7,"PLH")+COUNTIFS($B$2:$B7,"CSF"))-1,12)+1),"N/A"),"") | H7: =IF(AND($A7<>"",$B7<>"",$C7<>"",$D7<>""),IF(OR($B7="SER",$B7="PLH",$B7="CSF"),"Control NIH Plate "&(INT(((COUNTIFS($B$2:$B7,"SER")+COUNTIFS($B$2:$B7,"PLH")+COUNTIFS($B$2:$B7,"CSF"))-1)/96)+1)&": "&CHAR(65+INT(MOD((COUNTIFS($B$2:$B7,"SER")+COUNTIFS($B$2:$B7,"PLH")+COUNTIFS($B$2:$B7,"CSF"))-1,96)/12))&(MOD((COUNTIFS($B$2:$B7,"SER")+COUNTIFS($B$2:$B7,"PLH")+COUNTIFS($B$2:$B7,"CSF"))-1,12)+1),"N/A"),"") | I7: =IF(AND($A7<>"",$B7<>"",$C7<>"",$D7<>""),IF(OR($B7="SER",$B7="PLH"),"Control MAX Planck Plate "&(INT(((COUNTIFS($B$2:$B7,"SER")+COUNTIFS($B$2:$B7,"PLH"))-1)/96)+1)&": "&CHAR(65+INT(MOD((COUNTIFS($B$2:$B7,"SER")+COUNTIFS($B$2:$B7,"PLH"))-1,96)/12))&(MOD((COUNTIFS($B$2:$B7,"SER")+COUNTIFS($B$2:$B7,"PLH"))-1,12)+1),"N/A"),"") | J7: =IF(AND($A7<>"",$B7<>"",$C7<>"",$D7<>""),IF($B7="WB","Control WB Box "&(INT((COUNTIFS($B$2:$B7,"WB")-1)/81)+1)&": "&CHAR(65+INT(MOD(COUNTIFS($B$2:$B7,"WB")-1,81)/9))&(MOD(COUNTIFS($B$2:$B7,"WB")-1,9)+1),"N/A"),"") | K7: =IF(AND($A7<>"",$B7<>"",$C7<>"",$D7<>""),IF($B7="WB","No",""),"") | O7: =IF($A7<>"",MID($A7,7,4),"") | P7: =IF($C7<>"",TEXT($C7,"mmddyy"),"") | Q7: =IF(AND($A7<>"",$B7<>"",$C7<>""),IF($B7="WB","cn_"&$O7&"_wb_"&$P7,"cn_"&$O7&"_"&LOWER($B7)&"_"&IF($B7="CSF","0.50","0.20")&"_"&$P7),"") | R7: =IF(AND($A7<>"",$B7="WB",$C7<>""),"cn_"&$O7&"_wb_"&$P7,"") | S7: =IFERROR(VALUE(MID($L7,FIND("Box ",$L7)+4,FIND(":",$L7)-FIND("Box ",$L7)-4)),"") | T7: =IFERROR(CODE(UPPER(LEFT(LEFT(TRIM(MID(SUBSTITUTE(TRIM(MID($L7,FIND(":",$L7)+1,200)),",",REPT(" ",60)),1,60)),IFERROR(FIND("-",TRIM(MID(SUBSTITUTE(TRIM(MID($L7,FIND(":",$L7)+1,200)),",",REPT(" ",60)),1,60)))-1,LEN(TRIM(MID(SUBSTITUTE(TRIM(MID($L7,FIND(":",$L7)+1,200)),",",REPT(" ",60)),1,60))))),1)))-64,"") | U7: =IFERROR(VALUE(MID(LEFT(TRIM(MID(SUBSTITUTE(TRIM(MID($L7,FIND(":",$L7)+1,200)),",",REPT(" ",60)),1,60)),IFERROR(FIND("-",TRIM(MID(SUBSTITUTE(TRIM(MID($L7,FIND(":",$L7)+1,200)),",",REPT(" ",60)),1,60)))-1,LEN(TRIM(MID(SUBSTITUTE(TRIM(MID($L7,FIND(":",$L7)+1,200)),",",REPT(" ",60)),1,60))))),2,3)),"") | V7: =IFERROR(CODE(UPPER(LEFT(IFERROR(MID(TRIM(MID(SUBSTITUTE(TRIM(MID($L7,FIND(":",$L7)+1,200)),",",REPT(" ",60)),1,60)),FIND("-",TRIM(MID(SUBSTITUTE(TRIM(MID($L7,FIND(":",$L7)+1,200)),",",REPT(" ",60)),1,60)))+1,99),LEFT(TRIM(MID(SUBSTITUTE(TRIM(MID($L7,FIND(":",$L7)+1,200)),",",REPT(" ",60)),1,60)),IFERROR(FIND("-",TRIM(MID(SUBSTITUTE(TRIM(MID($L7,FIND(":",$L7)+1,200)),",",REPT(" ",60)),1,60)))-1,LEN(TRIM(MID(SUBSTITUTE(TRIM(MID($L7,FIND(":",$L7)+1,200)),",",REPT(" ",60)),1,60)))))),1)))-64,"") | W7: =IFERROR(VALUE(MID(IFERROR(MID(TRIM(MID(SUBSTITUTE(TRIM(MID($L7,FIND(":",$L7)+1,200)),",",REPT(" ",60)),1,60)),FIND("-",TRIM(MID(SUBSTITUTE(TRIM(MID($L7,FIND(":",$L7)+1,200)),",",REPT(" ",60)),1,60)))+1,99),LEFT(TRIM(MID(SUBSTITUTE(TRIM(MID($L7,FIND(":",$L7)+1,200)),",",REPT(" ",60)),1,60)),IFERROR(FIND("-",TRIM(MID(SUBSTITUTE(TRIM(MID($L7,FIND(":",$L7)+1,200)),",",REPT(" ",60)),1,60)))-1,LEN(TRIM(MID(SUBSTITUTE(TRIM(MID($L7,FIND(":",$L7)+1,200)),",",REPT(" ",60)),1,60)))))),2,3)),"") | X7: =IF(AND($A7<>"",$B7<>"",$C7<>""),"cn_"&$O7&"_"&LOWER($B7)&"_","") | Y7: =IFERROR(($V7-$T7+1)*($W7-$U7+1),0) -> 0 | Z7: =IFERROR(CODE(UPPER(LEFT(LEFT(TRIM(MID(SUBSTITUTE(TRIM(MID($L7,FIND(":",$L7)+1,200)),",",REPT(" ",60)),61,60)),IFERROR(FIND("-",TRIM(MID(SUBSTITUTE(TRIM(MID($L7,FIND(":",$L7)+1,200)),",",REPT(" ",60)),61,60)))-1,LEN(TRIM(MID(SUBSTITUTE(TRIM(MID($L7,FIND(":",$L7)+1,200)),",",REPT(" ",60)),61,60))))),1)))-64,"") | AA7: =IFERROR(VALUE(MID(LEFT(TRIM(MID(SUBSTITUTE(TRIM(MID($L7,FIND(":",$L7)+1,200)),",",REPT(" ",60)),61,60)),IFERROR(FIND("-",TRIM(MID(SUBSTITUTE(TRIM(MID($L7,FIND(":",$L7)+1,200)),",",REPT(" ",60)),61,60)))-1,LEN(TRIM(MID(SUBSTITUTE(TRIM(MID($L7,FIND(":",$L7)+1,200)),",",REPT(" ",60)),61,60))))),2,3)),"") | AB7: =IFERROR(CODE(UPPER(LEFT(IFERROR(MID(TRIM(MID(SUBSTITUTE(TRIM(MID($L7,FIND(":",$L7)+1,200)),",",REPT(" ",60)),61,60)),FIND("-",TRIM(MID(SUBSTITUTE(TRIM(MID($L7,FIND(":",$L7)+1,200)),",",REPT(" ",60)),61,60)))+1,99),LEFT(TRIM(MID(SUBSTITUTE(TRIM(MID($L7,FIND(":",$L7)+1,200)),",",REPT(" ",60)),61,60)),IFERROR(FIND("-",TRIM(MID(SUBSTITUTE(TRIM(MID($L7,FIND(":",$L7)+1,200)),",",REPT(" ",60)),61,60)))-1,LEN(TRIM(MID(SUBSTITUTE(TRIM(MID($L7,FIND(":",$L7)+1,200)),",",REPT(" ",60)),61,60)))))),1)))-64,"") | AC7: =IFERROR(VALUE(MID(IFERROR(MID(TRIM(MID(SUBSTITUTE(TRIM(MID($L7,FIND(":",$L7)+1,200)),",",REPT(" ",60)),61,60)),FIND("-",TRIM(MID(SUBSTITUTE(TRIM(MID($L7,FIND(":",$L7)+1,200)),",",REPT(" ",60)),61,60)))+1,99),LEFT(TRIM(MID(SUBSTITUTE(TRIM(MID($L7,FIND(":",$L7)+1,200)),",",REPT(" ",60)),61,60)),IFERROR(FIND("-",TRIM(MID(SUBSTITUTE(TRIM(MID($L7,FIND(":",$L7)+1,200)),",",REPT(" ",60)),61,60)))-1,LEN(TRIM(MID(SUBSTITUTE(TRIM(MID($L7,FIND(":",$L7)+1,200)),",",REPT(" ",60)),61,60)))))),2,3)),"") | AD7: =IFERROR(($AB7-$Z7+1)*($AC7-$AA7+1),0) -> 0
E8: =IF(AND($A8<>"",$B8<>"",$C8<>"",$D8<>""),TODAY(),"") | G8: =IF(AND($A8<>"",$B8<>"",$C8<>"",$D8<>""),IF(OR($B8="SER",$B8="PLH",$B8="CSF"),"Control CDI Plate "&(INT(((COUNTIFS($B$2:$B8,"SER")+COUNTIFS($B$2:$B8,"PLH")+COUNTIFS($B$2:$B8,"CSF"))-1)/96)+1)&": "&CHAR(65+INT(MOD((COUNTIFS($B$2:$B8,"SER")+COUNTIFS($B$2:$B8,"PLH")+COUNTIFS($B$2:$B8,"CSF"))-1,96)/12))&(MOD((COUNTIFS($B$2:$B8,"SER")+COUNTIFS($B$2:$B8,"PLH")+COUNTIFS($B$2:$B8,"CSF"))-1,12)+1),"N/A"),"") | H8: =IF(AND($A8<>"",$B8<>"",$C8<>"",$D8<>""),IF(OR($B8="SER",$B8="PLH",$B8="CSF"),"Control NIH Plate "&(INT(((COUNTIFS($B$2:$B8,"SER")+COUNTIFS($B$2:$B8,"PLH")+COUNTIFS($B$2:$B8,"CSF"))-1)/96)+1)&": "&CHAR(65+INT(MOD((COUNTIFS($B$2:$B8,"SER")+COUNTIFS($B$2:$B8,"PLH")+COUNTIFS($B$2:$B8,"CSF"))-1,96)/12))&(MOD((COUNTIFS($B$2:$B8,"SER")+COUNTIFS($B$2:$B8,"PLH")+COUNTIFS($B$2:$B8,"CSF"))-1,12)+1),"N/A"),"") | I8: =IF(AND($A8<>"",$B8<>"",$C8<>"",$D8<>""),IF(OR($B8="SER",$B8="PLH"),"Control MAX Planck Plate "&(INT(((COUNTIFS($B$2:$B8,"SER")+COUNTIFS($B$2:$B8,"PLH"))-1)/96)+1)&": "&CHAR(65+INT(MOD((COUNTIFS($B$2:$B8,"SER")+COUNTIFS($B$2:$B8,"PLH"))-1,96)/12))&(MOD((COUNTIFS($B$2:$B8,"SER")+COUNTIFS($B$2:$B8,"PLH"))-1,12)+1),"N/A"),"") | J8: =IF(AND($A8<>"",$B8<>"",$C8<>"",$D8<>""),IF($B8="WB","Control WB Box "&(INT((COUNTIFS($B$2:$B8,"WB")-1)/81)+1)&": "&CHAR(65+INT(MOD(COUNTIFS($B$2:$B8,"WB")-1,81)/9))&(MOD(COUNTIFS($B$2:$B8,"WB")-1,9)+1),"N/A"),"") | K8: =IF(AND($A8<>"",$B8<>"",$C8<>"",$D8<>""),IF($B8="WB","No",""),"") | O8: =IF($A8<>"",MID($A8,7,4),"") | P8: =IF($C8<>"",TEXT($C8,"mmddyy"),"") | Q8: =IF(AND($A8<>"",$B8<>"",$C8<>""),IF($B8="WB","cn_"&$O8&"_wb_"&$P8,"cn_"&$O8&"_"&LOWER($B8)&"_"&IF($B8="CSF","0.50","0.20")&"_"&$P8),"") | R8: =IF(AND($A8<>"",$B8="WB",$C8<>""),"cn_"&$O8&"_wb_"&$P8,"") | S8: =IFERROR(VALUE(MID($L8,FIND("Box ",$L8)+4,FIND(":",$L8)-FIND("Box ",$L8)-4)),"") | T8: =IFERROR(CODE(UPPER(LEFT(LEFT(TRIM(MID(SUBSTITUTE(TRIM(MID($L8,FIND(":",$L8)+1,200)),",",REPT(" ",60)),1,60)),IFERROR(FIND("-",TRIM(MID(SUBSTITUTE(TRIM(MID($L8,FIND(":",$L8)+1,200)),",",REPT(" ",60)),1,60)))-1,LEN(TRIM(MID(SUBSTITUTE(TRIM(MID($L8,FIND(":",$L8)+1,200)),",",REPT(" ",60)),1,60))))),1)))-64,"") | U8: =IFERROR(VALUE(MID(LEFT(TRIM(MID(SUBSTITUTE(TRIM(MID($L8,FIND(":",$L8)+1,200)),",",REPT(" ",60)),1,60)),IFERROR(FIND("-",TRIM(MID(SUBSTITUTE(TRIM(MID($L8,FIND(":",$L8)+1,200)),",",REPT(" ",60)),1,60)))-1,LEN(TRIM(MID(SUBSTITUTE(TRIM(MID($L8,FIND(":",$L8)+1,200)),",",REPT(" ",60)),1,60))))),2,3)),"") | V8: =IFERROR(CODE(UPPER(LEFT(IFERROR(MID(TRIM(MID(SUBSTITUTE(TRIM(MID($L8,FIND(":",$L8)+1,200)),",",REPT(" ",60)),1,60)),FIND("-",TRIM(MID(SUBSTITUTE(TRIM(MID($L8,FIND(":",$L8)+1,200)),",",REPT(" ",60)),1,60)))+1,99),LEFT(TRIM(MID(SUBSTITUTE(TRIM(MID($L8,FIND(":",$L8)+1,200)),",",REPT(" ",60)),1,60)),IFERROR(FIND("-",TRIM(MID(SUBSTITUTE(TRIM(MID($L8,FIND(":",$L8)+1,200)),",",REPT(" ",60)),1,60)))-1,LEN(TRIM(MID(SUBSTITUTE(TRIM(MID($L8,FIND(":",$L8)+1,200)),",",REPT(" ",60)),1,60)))))),1)))-64,"") | W8: =IFERROR(VALUE(MID(IFERROR(MID(TRIM(MID(SUBSTITUTE(TRIM(MID($L8,FIND(":",$L8)+1,200)),",",REPT(" ",60)),1,60)),FIND("-",TRIM(MID(SUBSTITUTE(TRIM(MID($L8,FIND(":",$L8)+1,200)),",",REPT(" ",60)),1,60)))+1,99),LEFT(TRIM(MID(SUBSTITUTE(TRIM(MID($L8,FIND(":",$L8)+1,200)),",",REPT(" ",60)),1,60)),IFERROR(FIND("-",TRIM(MID(SUBSTITUTE(TRIM(MID($L8,FIND(":",$L8)+1,200)),",",REPT(" ",60)),1,60)))-1,LEN(TRIM(MID(SUBSTITUTE(TRIM(MID($L8,FIND(":",$L8)+1,200)),",",REPT(" ",60)),1,60)))))),2,3)),"") | X8: =IF(AND($A8<>"",$B8<>"",$C8<>""),"cn_"&$O8&"_"&LOWER($B8)&"_","") | Y8: =IFERROR(($V8-$T8+1)*($W8-$U8+1),0) -> 0 | Z8: =IFERROR(CODE(UPPER(LEFT(LEFT(TRIM(MID(SUBSTITUTE(TRIM(MID($L8,FIND(":",$L8)+1,200)),",",REPT(" ",60)),61,60)),IFERROR(FIND("-",TRIM(MID(SUBSTITUTE(TRIM(MID($L8,FIND(":",$L8)+1,200)),",",REPT(" ",60)),61,60)))-1,LEN(TRIM(MID(SUBSTITUTE(TRIM(MID($L8,FIND(":",$L8)+1,200)),",",REPT(" ",60)),61,60))))),1)))-64,"") | AA8: =IFERROR(VALUE(MID(LEFT(TRIM(MID(SUBSTITUTE(TRIM(MID($L8,FIND(":",$L8)+1,200)),",",REPT(" ",60)),61,60)),IFERROR(FIND("-",TRIM(MID(SUBSTITUTE(TRIM(MID($L8,FIND(":",$L8)+1,200)),",",REPT(" ",60)),61,60)))-1,LEN(TRIM(MID(SUBSTITUTE(TRIM(MID($L8,FIND(":",$L8)+1,200)),",",REPT(" ",60)),61,60))))),2,3)),"") | AB8: =IFERROR(CODE(UPPER(LEFT(IFERROR(MID(TRIM(MID(SUBSTITUTE(TRIM(MID($L8,FIND(":",$L8)+1,200)),",",REPT(" ",60)),61,60)),FIND("-",TRIM(MID(SUBSTITUTE(TRIM(MID($L8,FIND(":",$L8)+1,200)),",",REPT(" ",60)),61,60)))+1,99),LEFT(TRIM(MID(SUBSTITUTE(TRIM(MID($L8,FIND(":",$L8)+1,200)),",",REPT(" ",60)),61,60)),IFERROR(FIND("-",TRIM(MID(SUBSTITUTE(TRIM(MID($L8,FIND(":",$L8)+1,200)),",",REPT(" ",60)),61,60)))-1,LEN(TRIM(MID(SUBSTITUTE(TRIM(MID($L8,FIND(":",$L8)+1,200)),",",REPT(" ",60)),61,60)))))),1)))-64,"") | AC8: =IFERROR(VALUE(MID(IFERROR(MID(TRIM(MID(SUBSTITUTE(TRIM(MID($L8,FIND(":",$L8)+1,200)),",",REPT(" ",60)),61,60)),FIND("-",TRIM(MID(SUBSTITUTE(TRIM(MID($L8,FIND(":",$L8)+1,200)),",",REPT(" ",60)),61,60)))+1,99),LEFT(TRIM(MID(SUBSTITUTE(TRIM(MID($L8,FIND(":",$L8)+1,200)),",",REPT(" ",60)),61,60)),IFERROR(FIND("-",TRIM(MID(SUBSTITUTE(TRIM(MID($L8,FIND(":",$L8)+1,200)),",",REPT(" ",60)),61,60)))-1,LEN(TRIM(MID(SUBSTITUTE(TRIM(MID($L8,FIND(":",$L8)+1,200)),",",REPT(" ",60)),61,60)))))),2,3)),"") | AD8: =IFERROR(($AB8-$Z8+1)*($AC8-$AA8+1),0) -> 0
E9: =IF(AND($A9<>"",$B9<>"",$C9<>"",$D9<>""),TODAY(),"") | G9: =IF(AND($A9<>"",$B9<>"",$C9<>"",$D9<>""),IF(OR($B9="SER",$B9="PLH",$B9="CSF"),"Control CDI Plate "&(INT(((COUNTIFS($B$2:$B9,"SER")+COUNTIFS($B$2:$B9,"PLH")+COUNTIFS($B$2:$B9,"CSF"))-1)/96)+1)&": "&CHAR(65+INT(MOD((COUNTIFS($B$2:$B9,"SER")+COUNTIFS($B$2:$B9,"PLH")+COUNTIFS($B$2:$B9,"CSF"))-1,96)/12))&(MOD((COUNTIFS($B$2:$B9,"SER")+COUNTIFS($B$2:$B9,"PLH")+COUNTIFS($B$2:$B9,"CSF"))-1,12)+1),"N/A"),"") | H9: =IF(AND($A9<>"",$B9<>"",$C9<>"",$D9<>""),IF(OR($B9="SER",$B9="PLH",$B9="CSF"),"Control NIH Plate "&(INT(((COUNTIFS($B$2:$B9,"SER")+COUNTIFS($B$2:$B9,"PLH")+COUNTIFS($B$2:$B9,"CSF"))-1)/96)+1)&": "&CHAR(65+INT(MOD((COUNTIFS($B$2:$B9,"SER")+COUNTIFS($B$2:$B9,"PLH")+COUNTIFS($B$2:$B9,"CSF"))-1,96)/12))&(MOD((COUNTIFS($B$2:$B9,"SER")+COUNTIFS($B$2:$B9,"PLH")+COUNTIFS($B$2:$B9,"CSF"))-1,12)+1),"N/A"),"") | I9: =IF(AND($A9<>"",$B9<>"",$C9<>"",$D9<>""),IF(OR($B9="SER",$B9="PLH"),"Control MAX Planck Plate "&(INT(((COUNTIFS($B$2:$B9,"SER")+COUNTIFS($B$2:$B9,"PLH"))-1)/96)+1)&": "&CHAR(65+INT(MOD((COUNTIFS($B$2:$B9,"SER")+COUNTIFS($B$2:$B9,"PLH"))-1,96)/12))&(MOD((COUNTIFS($B$2:$B9,"SER")+COUNTIFS($B$2:$B9,"PLH"))-1,12)+1),"N/A"),"") | J9: =IF(AND($A9<>"",$B9<>"",$C9<>"",$D9<>""),IF($B9="WB","Control WB Box "&(INT((COUNTIFS($B$2:$B9,"WB")-1)/81)+1)&": "&CHAR(65+INT(MOD(COUNTIFS($B$2:$B9,"WB")-1,81)/9))&(MOD(COUNTIFS($B$2:$B9,"WB")-1,9)+1),"N/A"),"") | K9: =IF(AND($A9<>"",$B9<>"",$C9<>"",$D9<>""),IF($B9="WB","No",""),"") | O9: =IF($A9<>"",MID($A9,7,4),"") | P9: =IF($C9<>"",TEXT($C9,"mmddyy"),"") | Q9: =IF(AND($A9<>"",$B9<>"",$C9<>""),IF($B9="WB","cn_"&$O9&"_wb_"&$P9,"cn_"&$O9&"_"&LOWER($B9)&"_"&IF($B9="CSF","0.50","0.20")&"_"&$P9),"") | R9: =IF(AND($A9<>"",$B9="WB",$C9<>""),"cn_"&$O9&"_wb_"&$P9,"") | S9: =IFERROR(VALUE(MID($L9,FIND("Box ",$L9)+4,FIND(":",$L9)-FIND("Box ",$L9)-4)),"") | T9: =IFERROR(CODE(UPPER(LEFT(LEFT(TRIM(MID(SUBSTITUTE(TRIM(MID($L9,FIND(":",$L9)+1,200)),",",REPT(" ",60)),1,60)),IFERROR(FIND("-",TRIM(MID(SUBSTITUTE(TRIM(MID($L9,FIND(":",$L9)+1,200)),",",REPT(" ",60)),1,60)))-1,LEN(TRIM(MID(SUBSTITUTE(TRIM(MID($L9,FIND(":",$L9)+1,200)),",",REPT(" ",60)),1,60))))),1)))-64,"") | U9: =IFERROR(VALUE(MID(LEFT(TRIM(MID(SUBSTITUTE(TRIM(MID($L9,FIND(":",$L9)+1,200)),",",REPT(" ",60)),1,60)),IFERROR(FIND("-",TRIM(MID(SUBSTITUTE(TRIM(MID($L9,FIND(":",$L9)+1,200)),",",REPT(" ",60)),1,60)))-1,LEN(TRIM(MID(SUBSTITUTE(TRIM(MID($L9,FIND(":",$L9)+1,200)),",",REPT(" ",60)),1,60))))),2,3)),"") | V9: =IFERROR(CODE(UPPER(LEFT(IFERROR(MID(TRIM(MID(SUBSTITUTE(TRIM(MID($L9,FIND(":",$L9)+1,200)),",",REPT(" ",60)),1,60)),FIND("-",TRIM(MID(SUBSTITUTE(TRIM(MID($L9,FIND(":",$L9)+1,200)),",",REPT(" ",60)),1,60)))+1,99),LEFT(TRIM(MID(SUBSTITUTE(TRIM(MID($L9,FIND(":",$L9)+1,200)),",",REPT(" ",60)),1,60)),IFERROR(FIND("-",TRIM(MID(SUBSTITUTE(TRIM(MID($L9,FIND(":",$L9)+1,200)),",",REPT(" ",60)),1,60)))-1,LEN(TRIM(MID(SUBSTITUTE(TRIM(MID($L9,FIND(":",$L9)+1,200)),",",REPT(" ",60)),1,60)))))),1)))-64,"") | W9: =IFERROR(VALUE(MID(IFERROR(MID(TRIM(MID(SUBSTITUTE(TRIM(MID($L9,FIND(":",$L9)+1,200)),",",REPT(" ",60)),1,60)),FIND("-",TRIM(MID(SUBSTITUTE(TRIM(MID($L9,FIND(":",$L9)+1,200)),",",REPT(" ",60)),1,60)))+1,99),LEFT(TRIM(MID(SUBSTITUTE(TRIM(MID($L9,FIND(":",$L9)+1,200)),",",REPT(" ",60)),1,60)),IFERROR(FIND("-",TRIM(MID(SUBSTITUTE(TRIM(MID($L9,FIND(":",$L9)+1,200)),",",REPT(" ",60)),1,60)))-1,LEN(TRIM(MID(SUBSTITUTE(TRIM(MID($L9,FIND(":",$L9)+1,200)),",",REPT(" ",60)),1,60)))))),2,3)),"") | X9: =IF(AND($A9<>"",$B9<>"",$C9<>""),"cn_"&$O9&"_"&LOWER($B9)&"_","") | Y9: =IFERROR(($V9-$T9+1)*($W9-$U9+1),0) -> 0 | Z9: =IFERROR(CODE(UPPER(LEFT(LEFT(TRIM(MID(SUBSTITUTE(TRIM(MID($L9,FIND(":",$L9)+1,200)),",",REPT(" ",60)),61,60)),IFERROR(FIND("-",TRIM(MID(SUBSTITUTE(TRIM(MID($L9,FIND(":",$L9)+1,200)),",",REPT(" ",60)),61,60)))-1,LEN(TRIM(MID(SUBSTITUTE(TRIM(MID($L9,FIND(":",$L9)+1,200)),",",REPT(" ",60)),61,60))))),1)))-64,"") | AA9: =IFERROR(VALUE(MID(LEFT(TRIM(MID(SUBSTITUTE(TRIM(MID($L9,FIND(":",$L9)+1,200)),",",REPT(" ",60)),61,60)),IFERROR(FIND("-",TRIM(MID(SUBSTITUTE(TRIM(MID($L9,FIND(":",$L9)+1,200)),",",REPT(" ",60)),61,60)))-1,LEN(TRIM(MID(SUBSTITUTE(TRIM(MID($L9,FIND(":",$L9)+1,200)),",",REPT(" ",60)),61,60))))),2,3)),"") | AB9: =IFERROR(CODE(UPPER(LEFT(IFERROR(MID(TRIM(MID(SUBSTITUTE(TRIM(MID($L9,FIND(":",$L9)+1,200)),",",REPT(" ",60)),61,60)),FIND("-",TRIM(MID(SUBSTITUTE(TRIM(MID($L9,FIND(":",$L9)+1,200)),",",REPT(" ",60)),61,60)))+1,99),LEFT(TRIM(MID(SUBSTITUTE(TRIM(MID($L9,FIND(":",$L9)+1,200)),",",REPT(" ",60)),61,60)),IFERROR(FIND("-",TRIM(MID(SUBSTITUTE(TRIM(MID($L9,FIND(":",$L9)+1,200)),",",REPT(" ",60)),61,60)))-1,LEN(TRIM(MID(SUBSTITUTE(TRIM(MID($L9,FIND(":",$L9)+1,200)),",",REPT(" ",60)),61,60)))))),1)))-64,"") | AC9: =IFERROR(VALUE(MID(IFERROR(MID(TRIM(MID(SUBSTITUTE(TRIM(MID($L9,FIND(":",$L9)+1,200)),",",REPT(" ",60)),61,60)),FIND("-",TRIM(MID(SUBSTITUTE(TRIM(MID($L9,FIND(":",$L9)+1,200)),",",REPT(" ",60)),61,60)))+1,99),LEFT(TRIM(MID(SUBSTITUTE(TRIM(MID($L9,FIND(":",$L9)+1,200)),",",REPT(" ",60)),61,60)),IFERROR(FIND("-",TRIM(MID(SUBSTITUTE(TRIM(MID($L9,FIND(":",$L9)+1,200)),",",REPT(" ",60)),61,60)))-1,LEN(TRIM(MID(SUBSTITUTE(TRIM(MID($L9,FIND(":",$L9)+1,200)),",",REPT(" ",60)),61,60)))))),2,3)),"") | AD9: =IFERROR(($AB9-$Z9+1)*($AC9-$AA9+1),0) -> 0
E10: =IF(AND($A10<>"",$B10<>"",$C10<>"",$D10<>""),TODAY(),"") | G10: =IF(AND($A10<>"",$B10<>"",$C10<>"",$D10<>""),IF(OR($B10="SER",$B10="PLH",$B10="CSF"),"Control CDI Plate "&(INT(((COUNTIFS($B$2:$B10,"SER")+COUNTIFS($B$2:$B10,"PLH")+COUNTIFS($B$2:$B10,"CSF"))-1)/96)+1)&": "&CHAR(65+INT(MOD((COUNTIFS($B$2:$B10,"SER")+COUNTIFS($B$2:$B10,"PLH")+COUNTIFS($B$2:$B10,"CSF"))-1,96)/12))&(MOD((COUNTIFS($B$2:$B10,"SER")+COUNTIFS($B$2:$B10,"PLH")+COUNTIFS($B$2:$B10,"CSF"))-1,12)+1),"N/A"),"") | H10: =IF(AND($A10<>"",$B10<>"",$C10<>"",$D10<>""),IF(OR($B10="SER",$B10="PLH",$B10="CSF"),"Control NIH Plate "&(INT(((COUNTIFS($B$2:$B10,"SER")+COUNTIFS($B$2:$B10,"PLH")+COUNTIFS($B$2:$B10,"CSF"))-1)/96)+1)&": "&CHAR(65+INT(MOD((COUNTIFS($B$2:$B10,"SER")+COUNTIFS($B$2:$B10,"PLH")+COUNTIFS($B$2:$B10,"CSF"))-1,96)/12))&(MOD((COUNTIFS($B$2:$B10,"SER")+COUNTIFS($B$2:$B10,"PLH")+COUNTIFS($B$2:$B10,"CSF"))-1,12)+1),"N/A"),"") | I10: =IF(AND($A10<>"",$B10<>"",$C10<>"",$D10<>""),IF(OR($B10="SER",$B10="PLH"),"Control MAX Planck Plate "&(INT(((COUNTIFS($B$2:$B10,"SER")+COUNTIFS($B$2:$B10,"PLH"))-1)/96)+1)&": "&CHAR(65+INT(MOD((COUNTIFS($B$2:$B10,"SER")+COUNTIFS($B$2:$B10,"PLH"))-1,96)/12))&(MOD((COUNTIFS($B$2:$B10,"SER")+COUNTIFS($B$2:$B10,"PLH"))-1,12)+1),"N/A"),"") | J10: =IF(AND($A10<>"",$B10<>"",$C10<>"",$D10<>""),IF($B10="WB","Control WB Box "&(INT((COUNTIFS($B$2:$B10,"WB")-1)/81)+1)&": "&CHAR(65+INT(MOD(COUNTIFS($B$2:$B10,"WB")-1,81)/9))&(MOD(COUNTIFS($B$2:$B10,"WB")-1,9)+1),"N/A"),"") | K10: =IF(AND($A10<>"",$B10<>"",$C10<>"",$D10<>""),IF($B10="WB","No",""),"") | O10: =IF($A10<>"",MID($A10,7,4),"") | P10: =IF($C10<>"",TEXT($C10,"mmddyy"),"") | Q10: =IF(AND($A10<>"",$B10<>"",$C10<>""),IF($B10="WB","cn_"&$O10&"_wb_"&$P10,"cn_"&$O10&"_"&LOWER($B10)&"_"&IF($B10="CSF","0.50","0.20")&"_"&$P10),"") | R10: =IF(AND($A10<>"",$B10="WB",$C10<>""),"cn_"&$O10&"_wb_"&$P10,"") | S10: =IFERROR(VALUE(MID($L10,FIND("Box ",$L10)+4,FIND(":",$L10)-FIND("Box ",$L10)-4)),"") | T10: =IFERROR(CODE(UPPER(LEFT(LEFT(TRIM(MID(SUBSTITUTE(TRIM(MID($L10,FIND(":",$L10)+1,200)),",",REPT(" ",60)),1,60)),IFERROR(FIND("-",TRIM(MID(SUBSTITUTE(TRIM(MID($L10,FIND(":",$L10)+1,200)),",",REPT(" ",60)),1,60)))-1,LEN(TRIM(MID(SUBSTITUTE(TRIM(MID($L10,FIND(":",$L10)+1,200)),",",REPT(" ",60)),1,60))))),1)))-64,"") | U10: =IFERROR(VALUE(MID(LEFT(TRIM(MID(SUBSTITUTE(TRIM(MID($L10,FIND(":",$L10)+1,200)),",",REPT(" ",60)),1,60)),IFERROR(FIND("-",TRIM(MID(SUBSTITUTE(TRIM(MID($L10,FIND(":",$L10)+1,200)),",",REPT(" ",60)),1,60)))-1,LEN(TRIM(MID(SUBSTITUTE(TRIM(MID($L10,FIND(":",$L10)+1,200)),",",REPT(" ",60)),1,60))))),2,3)),"") | V10: =IFERROR(CODE(UPPER(LEFT(IFERROR(MID(TRIM(MID(SUBSTITUTE(TRIM(MID($L10,FIND(":",$L10)+1,200)),",",REPT(" ",60)),1,60)),FIND("-",TRIM(MID(SUBSTITUTE(TRIM(MID($L10,FIND(":",$L10)+1,200)),",",REPT(" ",60)),1,60)))+1,99),LEFT(TRIM(MID(SUBSTITUTE(TRIM(MID($L10,FIND(":",$L10)+1,200)),",",REPT(" ",60)),1,60)),IFERROR(FIND("-",TRIM(MID(SUBSTITUTE(TRIM(MID($L10,FIND(":",$L10)+1,200)),",",REPT(" ",60)),1,60)))-1,LEN(TRIM(MID(SUBSTITUTE(TRIM(MID($L10,FIND(":",$L10)+1,200)),",",REPT(" ",60)),1,60)))))),1)))-64,"") | W10: =IFERROR(VALUE(MID(IFERROR(MID(TRIM(MID(SUBSTITUTE(TRIM(MID($L10,FIND(":",$L10)+1,200)),",",REPT(" ",60)),1,60)),FIND("-",TRIM(MID(SUBSTITUTE(TRIM(MID($L10,FIND(":",$L10)+1,200)),",",REPT(" ",60)),1,60)))+1,99),LEFT(TRIM(MID(SUBSTITUTE(TRIM(MID($L10,FIND(":",$L10)+1,200)),",",REPT(" ",60)),1,60)),IFERROR(FIND("-",TRIM(MID(SUBSTITUTE(TRIM(MID($L10,FIND(":",$L10)+1,200)),",",REPT(" ",60)),1,60)))-1,LEN(TRIM(MID(SUBSTITUTE(TRIM(MID($L10,FIND(":",$L10)+1,200)),",",REPT(" ",60)),1,60)))))),2,3)),"") | X10: =IF(AND($A10<>"",$B10<>"",$C10<>""),"cn_"&$O10&"_"&LOWER($B10)&"_","") | Y10: =IFERROR(($V10-$T10+1)*($W10-$U10+1),0) -> 0 | Z10: =IFERROR(CODE(UPPER(LEFT(LEFT(TRIM(MID(SUBSTITUTE(TRIM(MID($L10,FIND(":",$L10)+1,200)),",",REPT(" ",60)),61,60)),IFERROR(FIND("-",TRIM(MID(SUBSTITUTE(TRIM(MID($L10,FIND(":",$L10)+1,200)),",",REPT(" ",60)),61,60)))-1,LEN(TRIM(MID(SUBSTITUTE(TRIM(MID($L10,FIND(":",$L10)+1,200)),",",REPT(" ",60)),61,60))))),1)))-64,"") | AA10: =IFERROR(VALUE(MID(LEFT(TRIM(MID(SUBSTITUTE(TRIM(MID($L10,FIND(":",$L10)+1,200)),",",REPT(" ",60)),61,60)),IFERROR(FIND("-",TRIM(MID(SUBSTITUTE(TRIM(MID($L10,FIND(":",$L10)+1,200)),",",REPT(" ",60)),61,60)))-1,LEN(TRIM(MID(SUBSTITUTE(TRIM(MID($L10,FIND(":",$L10)+1,200)),",",REPT(" ",60)),61,60))))),2,3)),"") | AB10: =IFERROR(CODE(UPPER(LEFT(IFERROR(MID(TRIM(MID(SUBSTITUTE(TRIM(MID($L10,FIND(":",$L10)+1,200)),",",REPT(" ",60)),61,60)),FIND("-",TRIM(MID(SUBSTITUTE(TRIM(MID($L10,FIND(":",$L10)+1,200)),",",REPT(" ",60)),61,60)))+1,99),LEFT(TRIM(MID(SUBSTITUTE(TRIM(MID($L10,FIND(":",$L10)+1,200)),",",REPT(" ",60)),61,60)),IFERROR(FIND("-",TRIM(MID(SUBSTITUTE(TRIM(MID($L10,FIND(":",$L10)+1,200)),",",REPT(" ",60)),61,60)))-1,LEN(TRIM(MID(SUBSTITUTE(TRIM(MID($L10,FIND(":",$L10)+1,200)),",",REPT(" ",60)),61,60)))))),1)))-64,"") | AC10: =IFERROR(VALUE(MID(IFERROR(MID(TRIM(MID(SUBSTITUTE(TRIM(MID($L10,FIND(":",$L10)+1,200)),",",REPT(" ",60)),61,60)),FIND("-",TRIM(MID(SUBSTITUTE(TRIM(MID($L10,FIND(":",$L10)+1,200)),",",REPT(" ",60)),61,60)))+1,99),LEFT(TRIM(MID(SUBSTITUTE(TRIM(MID($L10,FIND(":",$L10)+1,200)),",",REPT(" ",60)),61,60)),IFERROR(FIND("-",TRIM(MID(SUBSTITUTE(TRIM(MID($L10,FIND(":",$L10)+1,200)),",",REPT(" ",60)),61,60)))-1,LEN(TRIM(MID(SUBSTITUTE(TRIM(MID($L10,FIND(":",$L10)+1,200)),",",REPT(" ",60)),61,60)))))),2,3)),"") | AD10: =IFERROR(($AB10-$Z10+1)*($AC10-$AA10+1),0) -> 0
E11: =IF(AND($A11<>"",$B11<>"",$C11<>"",$D11<>""),TODAY(),"") | G11: =IF(AND($A11<>"",$B11<>"",$C11<>"",$D11<>""),IF(OR($B11="SER",$B11="PLH",$B11="CSF"),"Control CDI Plate "&(INT(((COUNTIFS($B$2:$B11,"SER")+COUNTIFS($B$2:$B11,"PLH")+COUNTIFS($B$2:$B11,"CSF"))-1)/96)+1)&": "&CHAR(65+INT(MOD((COUNTIFS($B$2:$B11,"SER")+COUNTIFS($B$2:$B11,"PLH")+COUNTIFS($B$2:$B11,"CSF"))-1,96)/12))&(MOD((COUNTIFS($B$2:$B11,"SER")+COUNTIFS($B$2:$B11,"PLH")+COUNTIFS($B$2:$B11,"CSF"))-1,12)+1),"N/A"),"") | H11: =IF(AND($A11<>"",$B11<>"",$C11<>"",$D11<>""),IF(OR($B11="SER",$B11="PLH",$B11="CSF"),"Control NIH Plate "&(INT(((COUNTIFS($B$2:$B11,"SER")+COUNTIFS($B$2:$B11,"PLH")+COUNTIFS($B$2:$B11,"CSF"))-1)/96)+1)&": "&CHAR(65+INT(MOD((COUNTIFS($B$2:$B11,"SER")+COUNTIFS($B$2:$B11,"PLH")+COUNTIFS($B$2:$B11,"CSF"))-1,96)/12))&(MOD((COUNTIFS($B$2:$B11,"SER")+COUNTIFS($B$2:$B11,"PLH")+COUNTIFS($B$2:$B11,"CSF"))-1,12)+1),"N/A"),"") | I11: =IF(AND($A11<>"",$B11<>"",$C11<>"",$D11<>""),IF(OR($B11="SER",$B11="PLH"),"Control MAX Planck Plate "&(INT(((COUNTIFS($B$2:$B11,"SER")+COUNTIFS($B$2:$B11,"PLH"))-1)/96)+1)&": "&CHAR(65+INT(MOD((COUNTIFS($B$2:$B11,"SER")+COUNTIFS($B$2:$B11,"PLH"))-1,96)/12))&(MOD((COUNTIFS($B$2:$B11,"SER")+COUNTIFS($B$2:$B11,"PLH"))-1,12)+1),"N/A"),"") | J11: =IF(AND($A11<>"",$B11<>"",$C11<>"",$D11<>""),IF($B11="WB","Control WB Box "&(INT((COUNTIFS($B$2:$B11,"WB")-1)/81)+1)&": "&CHAR(65+INT(MOD(COUNTIFS($B$2:$B11,"WB")-1,81)/9))&(MOD(COUNTIFS($B$2:$B11,"WB")-1,9)+1),"N/A"),"") | K11: =IF(AND($A11<>"",$B11<>"",$C11<>"",$D11<>""),IF($B11="WB","No",""),"") | O11: =IF($A11<>"",MID($A11,7,4),"") | P11: =IF($C11<>"",TEXT($C11,"mmddyy"),"") | Q11: =IF(AND($A11<>"",$B11<>"",$C11<>""),IF($B11="WB","cn_"&$O11&"_wb_"&$P11,"cn_"&$O11&"_"&LOWER($B11)&"_"&IF($B11="CSF","0.50","0.20")&"_"&$P11),"") | R11: =IF(AND($A11<>"",$B11="WB",$C11<>""),"cn_"&$O11&"_wb_"&$P11,"") | S11: =IFERROR(VALUE(MID($L11,FIND("Box ",$L11)+4,FIND(":",$L11)-FIND("Box ",$L11)-4)),"") | T11: =IFERROR(CODE(UPPER(LEFT(LEFT(TRIM(MID(SUBSTITUTE(TRIM(MID($L11,FIND(":",$L11)+1,200)),",",REPT(" ",60)),1,60)),IFERROR(FIND("-",TRIM(MID(SUBSTITUTE(TRIM(MID($L11,FIND(":",$L11)+1,200)),",",REPT(" ",60)),1,60)))-1,LEN(TRIM(MID(SUBSTITUTE(TRIM(MID($L11,FIND(":",$L11)+1,200)),",",REPT(" ",60)),1,60))))),1)))-64,"") | U11: =IFERROR(VALUE(MID(LEFT(TRIM(MID(SUBSTITUTE(TRIM(MID($L11,FIND(":",$L11)+1,200)),",",REPT(" ",60)),1,60)),IFERROR(FIND("-",TRIM(MID(SUBSTITUTE(TRIM(MID($L11,FIND(":",$L11)+1,200)),",",REPT(" ",60)),1,60)))-1,LEN(TRIM(MID(SUBSTITUTE(TRIM(MID($L11,FIND(":",$L11)+1,200)),",",REPT(" ",60)),1,60))))),2,3)),"") | V11: =IFERROR(CODE(UPPER(LEFT(IFERROR(MID(TRIM(MID(SUBSTITUTE(TRIM(MID($L11,FIND(":",$L11)+1,200)),",",REPT(" ",60)),1,60)),FIND("-",TRIM(MID(SUBSTITUTE(TRIM(MID($L11,FIND(":",$L11)+1,200)),",",REPT(" ",60)),1,60)))+1,99),LEFT(TRIM(MID(SUBSTITUTE(TRIM(MID($L11,FIND(":",$L11)+1,200)),",",REPT(" ",60)),1,60)),IFERROR(FIND("-",TRIM(MID(SUBSTITUTE(TRIM(MID($L11,FIND(":",$L11)+1,200)),",",REPT(" ",60)),1,60)))-1,LEN(TRIM(MID(SUBSTITUTE(TRIM(MID($L11,FIND(":",$L11)+1,200)),",",REPT(" ",60)),1,60)))))),1)))-64,"") | W11: =IFERROR(VALUE(MID(IFERROR(MID(TRIM(MID(SUBSTITUTE(TRIM(MID($L11,FIND(":",$L11)+1,200)),",",REPT(" ",60)),1,60)),FIND("-",TRIM(MID(SUBSTITUTE(TRIM(MID($L11,FIND(":",$L11)+1,200)),",",REPT(" ",60)),1,60)))+1,99),LEFT(TRIM(MID(SUBSTITUTE(TRIM(MID($L11,FIND(":",$L11)+1,200)),",",REPT(" ",60)),1,60)),IFERROR(FIND("-",TRIM(MID(SUBSTITUTE(TRIM(MID($L11,FIND(":",$L11)+1,200)),",",REPT(" ",60)),1,60)))-1,LEN(TRIM(MID(SUBSTITUTE(TRIM(MID($L11,FIND(":",$L11)+1,200)),",",REPT(" ",60)),1,60)))))),2,3)),"") | X11: =IF(AND($A11<>"",$B11<>"",$C11<>""),"cn_"&$O11&"_"&LOWER($B11)&"_","") | Y11: =IFERROR(($V11-$T11+1)*($W11-$U11+1),0) -> 0 | Z11: =IFERROR(CODE(UPPER(LEFT(LEFT(TRIM(MID(SUBSTITUTE(TRIM(MID($L11,FIND(":",$L11)+1,200)),",",REPT(" ",60)),61,60)),IFERROR(FIND("-",TRIM(MID(SUBSTITUTE(TRIM(MID($L11,FIND(":",$L11)+1,200)),",",REPT(" ",60)),61,60)))-1,LEN(TRIM(MID(SUBSTITUTE(TRIM(MID($L11,FIND(":",$L11)+1,200)),",",REPT(" ",60)),61,60))))),1)))-64,"") | AA11: =IFERROR(VALUE(MID(LEFT(TRIM(MID(SUBSTITUTE(TRIM(MID($L11,FIND(":",$L11)+1,200)),",",REPT(" ",60)),61,60)),IFERROR(FIND("-",TRIM(MID(SUBSTITUTE(TRIM(MID($L11,FIND(":",$L11)+1,200)),",",REPT(" ",60)),61,60)))-1,LEN(TRIM(MID(SUBSTITUTE(TRIM(MID($L11,FIND(":",$L11)+1,200)),",",REPT(" ",60)),61,60))))),2,3)),"") | AB11: =IFERROR(CODE(UPPER(LEFT(IFERROR(MID(TRIM(MID(SUBSTITUTE(TRIM(MID($L11,FIND(":",$L11)+1,200)),",",REPT(" ",60)),61,60)),FIND("-",TRIM(MID(SUBSTITUTE(TRIM(MID($L11,FIND(":",$L11)+1,200)),",",REPT(" ",60)),61,60)))+1,99),LEFT(TRIM(MID(SUBSTITUTE(TRIM(MID($L11,FIND(":",$L11)+1,200)),",",REPT(" ",60)),61,60)),IFERROR(FIND("-",TRIM(MID(SUBSTITUTE(TRIM(MID($L11,FIND(":",$L11)+1,200)),",",REPT(" ",60)),61,60)))-1,LEN(TRIM(MID(SUBSTITUTE(TRIM(MID($L11,FIND(":",$L11)+1,200)),",",REPT(" ",60)),61,60)))))),1)))-64,"") | AC11: =IFERROR(VALUE(MID(IFERROR(MID(TRIM(MID(SUBSTITUTE(TRIM(MID($L11,FIND(":",$L11)+1,200)),",",REPT(" ",60)),61,60)),FIND("-",TRIM(MID(SUBSTITUTE(TRIM(MID($L11,FIND(":",$L11)+1,200)),",",REPT(" ",60)),61,60)))+1,99),LEFT(TRIM(MID(SUBSTITUTE(TRIM(MID($L11,FIND(":",$L11)+1,200)),",",REPT(" ",60)),61,60)),IFERROR(FIND("-",TRIM(MID(SUBSTITUTE(TRIM(MID($L11,FIND(":",$L11)+1,200)),",",REPT(" ",60)),61,60)))-1,LEN(TRIM(MID(SUBSTITUTE(TRIM(MID($L11,FIND(":",$L11)+1,200)),",",REPT(" ",60)),61,60)))))),2,3)),"") | AD11: =IFERROR(($AB11-$Z11+1)*($AC11-$AA11+1),0) -> 0
E12: =IF(AND($A12<>"",$B12<>"",$C12<>"",$D12<>""),TODAY(),"") | G12: =IF(AND($A12<>"",$B12<>"",$C12<>"",$D12<>""),IF(OR($B12="SER",$B12="PLH",$B12="CSF"),"Control CDI Plate "&(INT(((COUNTIFS($B$2:$B12,"SER")+COUNTIFS($B$2:$B12,"PLH")+COUNTIFS($B$2:$B12,"CSF"))-1)/96)+1)&": "&CHAR(65+INT(MOD((COUNTIFS($B$2:$B12,"SER")+COUNTIFS($B$2:$B12,"PLH")+COUNTIFS($B$2:$B12,"CSF"))-1,96)/12))&(MOD((COUNTIFS($B$2:$B12,"SER")+COUNTIFS($B$2:$B12,"PLH")+COUNTIFS($B$2:$B12,"CSF"))-1,12)+1),"N/A"),"") | H12: =IF(AND($A12<>"",$B12<>"",$C12<>"",$D12<>""),IF(OR($B12="SER",$B12="PLH",$B12="CSF"),"Control NIH Plate "&(INT(((COUNTIFS($B$2:$B12,"SER")+COUNTIFS($B$2:$B12,"PLH")+COUNTIFS($B$2:$B12,"CSF"))-1)/96)+1)&": "&CHAR(65+INT(MOD((COUNTIFS($B$2:$B12,"SER")+COUNTIFS($B$2:$B12,"PLH")+COUNTIFS($B$2:$B12,"CSF"))-1,96)/12))&(MOD((COUNTIFS($B$2:$B12,"SER")+COUNTIFS($B$2:$B12,"PLH")+COUNTIFS($B$2:$B12,"CSF"))-1,12)+1),"N/A"),"") | I12: =IF(AND($A12<>"",$B12<>"",$C12<>"",$D12<>""),IF(OR($B12="SER",$B12="PLH"),"Control MAX Planck Plate "&(INT(((COUNTIFS($B$2:$B12,"SER")+COUNTIFS($B$2:$B12,"PLH"))-1)/96)+1)&": "&CHAR(65+INT(MOD((COUNTIFS($B$2:$B12,"SER")+COUNTIFS($B$2:$B12,"PLH"))-1,96)/12))&(MOD((COUNTIFS($B$2:$B12,"SER")+COUNTIFS($B$2:$B12,"PLH"))-1,12)+1),"N/A"),"") | J12: =IF(AND($A12<>"",$B12<>"",$C12<>"",$D12<>""),IF($B12="WB","Control WB Box "&(INT((COUNTIFS($B$2:$B12,"WB")-1)/81)+1)&": "&CHAR(65+INT(MOD(COUNTIFS($B$2:$B12,"WB")-1,81)/9))&(MOD(COUNTIFS($B$2:$B12,"WB")-1,9)+1),"N/A"),"") | K12: =IF(AND($A12<>"",$B12<>"",$C12<>"",$D12<>""),IF($B12="WB","No",""),"") | O12: =IF($A12<>"",MID($A12,7,4),"") | P12: =IF($C12<>"",TEXT($C12,"mmddyy"),"") | Q12: =IF(AND($A12<>"",$B12<>"",$C12<>""),IF($B12="WB","cn_"&$O12&"_wb_"&$P12,"cn_"&$O12&"_"&LOWER($B12)&"_"&IF($B12="CSF","0.50","0.20")&"_"&$P12),"") | R12: =IF(AND($A12<>"",$B12="WB",$C12<>""),"cn_"&$O12&"_wb_"&$P12,"") | S12: =IFERROR(VALUE(MID($L12,FIND("Box ",$L12)+4,FIND(":",$L12)-FIND("Box ",$L12)-4)),"") | T12: =IFERROR(CODE(UPPER(LEFT(LEFT(TRIM(MID(SUBSTITUTE(TRIM(MID($L12,FIND(":",$L12)+1,200)),",",REPT(" ",60)),1,60)),IFERROR(FIND("-",TRIM(MID(SUBSTITUTE(TRIM(MID($L12,FIND(":",$L12)+1,200)),",",REPT(" ",60)),1,60)))-1,LEN(TRIM(MID(SUBSTITUTE(TRIM(MID($L12,FIND(":",$L12)+1,200)),",",REPT(" ",60)),1,60))))),1)))-64,"") | U12: =IFERROR(VALUE(MID(LEFT(TRIM(MID(SUBSTITUTE(TRIM(MID($L12,FIND(":",$L12)+1,200)),",",REPT(" ",60)),1,60)),IFERROR(FIND("-",TRIM(MID(SUBSTITUTE(TRIM(MID($L12,FIND(":",$L12)+1,200)),",",REPT(" ",60)),1,60)))-1,LEN(TRIM(MID(SUBSTITUTE(TRIM(MID($L12,FIND(":",$L12)+1,200)),",",REPT(" ",60)),1,60))))),2,3)),"") | V12: =IFERROR(CODE(UPPER(LEFT(IFERROR(MID(TRIM(MID(SUBSTITUTE(TRIM(MID($L12,FIND(":",$L12)+1,200)),",",REPT(" ",60)),1,60)),FIND("-",TRIM(MID(SUBSTITUTE(TRIM(MID($L12,FIND(":",$L12)+1,200)),",",REPT(" ",60)),1,60)))+1,99),LEFT(TRIM(MID(SUBSTITUTE(TRIM(MID($L12,FIND(":",$L12)+1,200)),",",REPT(" ",60)),1,60)),IFERROR(FIND("-",TRIM(MID(SUBSTITUTE(TRIM(MID($L12,FIND(":",$L12)+1,200)),",",REPT(" ",60)),1,60)))-1,LEN(TRIM(MID(SUBSTITUTE(TRIM(MID($L12,FIND(":",$L12)+1,200)),",",REPT(" ",60)),1,60)))))),1)))-64,"") | W12: =IFERROR(VALUE(MID(IFERROR(MID(TRIM(MID(SUBSTITUTE(TRIM(MID($L12,FIND(":",$L12)+1,200)),",",REPT(" ",60)),1,60)),FIND("-",TRIM(MID(SUBSTITUTE(TRIM(MID($L12,FIND(":",$L12)+1,200)),",",REPT(" ",60)),1,60)))+1,99),LEFT(TRIM(MID(SUBSTITUTE(TRIM(MID($L12,FIND(":",$L12)+1,200)),",",REPT(" ",60)),1,60)),IFERROR(FIND("-",TRIM(MID(SUBSTITUTE(TRIM(MID($L12,FIND(":",$L12)+1,200)),",",REPT(" ",60)),1,60)))-1,LEN(TRIM(MID(SUBSTITUTE(TRIM(MID($L12,FIND(":",$L12)+1,200)),",",REPT(" ",60)),1,60)))))),2,3)),"") | X12: =IF(AND($A12<>"",$B12<>"",$C12<>""),"cn_"&$O12&"_"&LOWER($B12)&"_","") | Y12: =IFERROR(($V12-$T12+1)*($W12-$U12+1),0) -> 0 | Z12: =IFERROR(CODE(UPPER(LEFT(LEFT(TRIM(MID(SUBSTITUTE(TRIM(MID($L12,FIND(":",$L12)+1,200)),",",REPT(" ",60)),61,60)),IFERROR(FIND("-",TRIM(MID(SUBSTITUTE(TRIM(MID($L12,FIND(":",$L12)+1,200)),",",REPT(" ",60)),61,60)))-1,LEN(TRIM(MID(SUBSTITUTE(TRIM(MID($L12,FIND(":",$L12)+1,200)),",",REPT(" ",60)),61,60))))),1)))-64,"") | AA12: =IFERROR(VALUE(MID(LEFT(TRIM(MID(SUBSTITUTE(TRIM(MID($L12,FIND(":",$L12)+1,200)),",",REPT(" ",60)),61,60)),IFERROR(FIND("-",TRIM(MID(SUBSTITUTE(TRIM(MID($L12,FIND(":",$L12)+1,200)),",",REPT(" ",60)),61,60)))-1,LEN(TRIM(MID(SUBSTITUTE(TRIM(MID($L12,FIND(":",$L12)+1,200)),",",REPT(" ",60)),61,60))))),2,3)),"") | AB12: =IFERROR(CODE(UPPER(LEFT(IFERROR(MID(TRIM(MID(SUBSTITUTE(TRIM(MID($L12,FIND(":",$L12)+1,200)),",",REPT(" ",60)),61,60)),FIND("-",TRIM(MID(SUBSTITUTE(TRIM(MID($L12,FIND(":",$L12)+1,200)),",",REPT(" ",60)),61,60)))+1,99),LEFT(TRIM(MID(SUBSTITUTE(TRIM(MID($L12,FIND(":",$L12)+1,200)),",",REPT(" ",60)),61,60)),IFERROR(FIND("-",TRIM(MID(SUBSTITUTE(TRIM(MID($L12,FIND(":",$L12)+1,200)),",",REPT(" ",60)),61,60)))-1,LEN(TRIM(MID(SUBSTITUTE(TRIM(MID($L12,FIND(":",$L12)+1,200)),",",REPT(" ",60)),61,60)))))),1)))-64,"") | AC12: =IFERROR(VALUE(MID(IFERROR(MID(TRIM(MID(SUBSTITUTE(TRIM(MID($L12,FIND(":",$L12)+1,200)),",",REPT(" ",60)),61,60)),FIND("-",TRIM(MID(SUBSTITUTE(TRIM(MID($L12,FIND(":",$L12)+1,200)),",",REPT(" ",60)),61,60)))+1,99),LEFT(TRIM(MID(SUBSTITUTE(TRIM(MID($L12,FIND(":",$L12)+1,200)),",",REPT(" ",60)),61,60)),IFERROR(FIND("-",TRIM(MID(SUBSTITUTE(TRIM(MID($L12,FIND(":",$L12)+1,200)),",",REPT(" ",60)),61,60)))-1,LEN(TRIM(MID(SUBSTITUTE(TRIM(MID($L12,FIND(":",$L12)+1,200)),",",REPT(" ",60)),61,60)))))),2,3)),"") | AD12: =IFERROR(($AB12-$Z12+1)*($AC12-$AA12+1),0) -> 0
E13: =IF(AND($A13<>"",$B13<>"",$C13<>"",$D13<>""),TODAY(),"") | G13: =IF(AND($A13<>"",$B13<>"",$C13<>"",$D13<>""),IF(OR($B13="SER",$B13="PLH",$B13="CSF"),"Control CDI Plate "&(INT(((COUNTIFS($B$2:$B13,"SER")+COUNTIFS($B$2:$B13,"PLH")+COUNTIFS($B$2:$B13,"CSF"))-1)/96)+1)&": "&CHAR(65+INT(MOD((COUNTIFS($B$2:$B13,"SER")+COUNTIFS($B$2:$B13,"PLH")+COUNTIFS($B$2:$B13,"CSF"))-1,96)/12))&(MOD((COUNTIFS($B$2:$B13,"SER")+COUNTIFS($B$2:$B13,"PLH")+COUNTIFS($B$2:$B13,"CSF"))-1,12)+1),"N/A"),"") | H13: =IF(AND($A13<>"",$B13<>"",$C13<>"",$D13<>""),IF(OR($B13="SER",$B13="PLH",$B13="CSF"),"Control NIH Plate "&(INT(((COUNTIFS($B$2:$B13,"SER")+COUNTIFS($B$2:$B13,"PLH")+COUNTIFS($B$2:$B13,"CSF"))-1)/96)+1)&": "&CHAR(65+INT(MOD((COUNTIFS($B$2:$B13,"SER")+COUNTIFS($B$2:$B13,"PLH")+COUNTIFS($B$2:$B13,"CSF"))-1,96)/12))&(MOD((COUNTIFS($B$2:$B13,"SER")+COUNTIFS($B$2:$B13,"PLH")+COUNTIFS($B$2:$B13,"CSF"))-1,12)+1),"N/A"),"") | I13: =IF(AND($A13<>"",$B13<>"",$C13<>"",$D13<>""),IF(OR($B13="SER",$B13="PLH"),"Control MAX Planck Plate "&(INT(((COUNTIFS($B$2:$B13,"SER")+COUNTIFS($B$2:$B13,"PLH"))-1)/96)+1)&": "&CHAR(65+INT(MOD((COUNTIFS($B$2:$B13,"SER")+COUNTIFS($B$2:$B13,"PLH"))-1,96)/12))&(MOD((COUNTIFS($B$2:$B13,"SER")+COUNTIFS($B$2:$B13,"PLH"))-1,12)+1),"N/A"),"") | J13: =IF(AND($A13<>"",$B13<>"",$C13<>"",$D13<>""),IF($B13="WB","Control WB Box "&(INT((COUNTIFS($B$2:$B13,"WB")-1)/81)+1)&": "&CHAR(65+INT(MOD(COUNTIFS($B$2:$B13,"WB")-1,81)/9))&(MOD(COUNTIFS($B$2:$B13,"WB")-1,9)+1),"N/A"),"") | K13: =IF(AND($A13<>"",$B13<>"",$C13<>"",$D13<>""),IF($B13="WB","No",""),"") | O13: =IF($A13<>"",MID($A13,7,4),"") | P13: =IF($C13<>"",TEXT($C13,"mmddyy"),"") | Q13: =IF(AND($A13<>"",$B13<>"",$C13<>""),IF($B13="WB","cn_"&$O13&"_wb_"&$P13,"cn_"&$O13&"_"&LOWER($B13)&"_"&IF($B13="CSF","0.50","0.20")&"_"&$P13),"") | R13: =IF(AND($A13<>"",$B13="WB",$C13<>""),"cn_"&$O13&"_wb_"&$P13,"") | S13: =IFERROR(VALUE(MID($L13,FIND("Box ",$L13)+4,FIND(":",$L13)-FIND("Box ",$L13)-4)),"") | T13: =IFERROR(CODE(UPPER(LEFT(LEFT(TRIM(MID(SUBSTITUTE(TRIM(MID($L13,FIND(":",$L13)+1,200)),",",REPT(" ",60)),1,60)),IFERROR(FIND("-",TRIM(MID(SUBSTITUTE(TRIM(MID($L13,FIND(":",$L13)+1,200)),",",REPT(" ",60)),1,60)))-1,LEN(TRIM(MID(SUBSTITUTE(TRIM(MID($L13,FIND(":",$L13)+1,200)),",",REPT(" ",60)),1,60))))),1)))-64,"") | U13: =IFERROR(VALUE(MID(LEFT(TRIM(MID(SUBSTITUTE(TRIM(MID($L13,FIND(":",$L13)+1,200)),",",REPT(" ",60)),1,60)),IFERROR(FIND("-",TRIM(MID(SUBSTITUTE(TRIM(MID($L13,FIND(":",$L13)+1,200)),",",REPT(" ",60)),1,60)))-1,LEN(TRIM(MID(SUBSTITUTE(TRIM(MID($L13,FIND(":",$L13)+1,200)),",",REPT(" ",60)),1,60))))),2,3)),"") | V13: =IFERROR(CODE(UPPER(LEFT(IFERROR(MID(TRIM(MID(SUBSTITUTE(TRIM(MID($L13,FIND(":",$L13)+1,200)),",",REPT(" ",60)),1,60)),FIND("-",TRIM(MID(SUBSTITUTE(TRIM(MID($L13,FIND(":",$L13)+1,200)),",",REPT(" ",60)),1,60)))+1,99),LEFT(TRIM(MID(SUBSTITUTE(TRIM(MID($L13,FIND(":",$L13)+1,200)),",",REPT(" ",60)),1,60)),IFERROR(FIND("-",TRIM(MID(SUBSTITUTE(TRIM(MID($L13,FIND(":",$L13)+1,200)),",",REPT(" ",60)),1,60)))-1,LEN(TRIM(MID(SUBSTITUTE(TRIM(MID($L13,FIND(":",$L13)+1,200)),",",REPT(" ",60)),1,60)))))),1)))-64,"") | W13: =IFERROR(VALUE(MID(IFERROR(MID(TRIM(MID(SUBSTITUTE(TRIM(MID($L13,FIND(":",$L13)+1,200)),",",REPT(" ",60)),1,60)),FIND("-",TRIM(MID(SUBSTITUTE(TRIM(MID($L13,FIND(":",$L13)+1,200)),",",REPT(" ",60)),1,60)))+1,99),LEFT(TRIM(MID(SUBSTITUTE(TRIM(MID($L13,FIND(":",$L13)+1,200)),",",REPT(" ",60)),1,60)),IFERROR(FIND("-",TRIM(MID(SUBSTITUTE(TRIM(MID($L13,FIND(":",$L13)+1,200)),",",REPT(" ",60)),1,60)))-1,LEN(TRIM(MID(SUBSTITUTE(TRIM(MID($L13,FIND(":",$L13)+1,200)),",",REPT(" ",60)),1,60)))))),2,3)),"") | X13: =IF(AND($A13<>"",$B13<>"",$C13<>""),"cn_"&$O13&"_"&LOWER($B13)&"_","") | Y13: =IFERROR(($V13-$T13+1)*($W13-$U13+1),0) -> 0 | Z13: =IFERROR(CODE(UPPER(LEFT(LEFT(TRIM(MID(SUBSTITUTE(TRIM(MID($L13,FIND(":",$L13)+1,200)),",",REPT(" ",60)),61,60)),IFERROR(FIND("-",TRIM(MID(SUBSTITUTE(TRIM(MID($L13,FIND(":",$L13)+1,200)),",",REPT(" ",60)),61,60)))-1,LEN(TRIM(MID(SUBSTITUTE(TRIM(MID($L13,FIND(":",$L13)+1,200)),",",REPT(" ",60)),61,60))))),1)))-64,"") | AA13: =IFERROR(VALUE(MID(LEFT(TRIM(MID(SUBSTITUTE(TRIM(MID($L13,FIND(":",$L13)+1,200)),",",REPT(" ",60)),61,60)),IFERROR(FIND("-",TRIM(MID(SUBSTITUTE(TRIM(MID($L13,FIND(":",$L13)+1,200)),",",REPT(" ",60)),61,60)))-1,LEN(TRIM(MID(SUBSTITUTE(TRIM(MID($L13,FIND(":",$L13)+1,200)),",",REPT(" ",60)),61,60))))),2,3)),"") | AB13: =IFERROR(CODE(UPPER(LEFT(IFERROR(MID(TRIM(MID(SUBSTITUTE(TRIM(MID($L13,FIND(":",$L13)+1,200)),",",REPT(" ",60)),61,60)),FIND("-",TRIM(MID(SUBSTITUTE(TRIM(MID($L13,FIND(":",$L13)+1,200)),",",REPT(" ",60)),61,60)))+1,99),LEFT(TRIM(MID(SUBSTITUTE(TRIM(MID($L13,FIND(":",$L13)+1,200)),",",REPT(" ",60)),61,60)),IFERROR(FIND("-",TRIM(MID(SUBSTITUTE(TRIM(MID($L13,FIND(":",$L13)+1,200)),",",REPT(" ",60)),61,60)))-1,LEN(TRIM(MID(SUBSTITUTE(TRIM(MID($L13,FIND(":",$L13)+1,200)),",",REPT(" ",60)),61,60)))))),1)))-64,"") | AC13: =IFERROR(VALUE(MID(IFERROR(MID(TRIM(MID(SUBSTITUTE(TRIM(MID($L13,FIND(":",$L13)+1,200)),",",REPT(" ",60)),61,60)),FIND("-",TRIM(MID(SUBSTITUTE(TRIM(MID($L13,FIND(":",$L13)+1,200)),",",REPT(" ",60)),61,60)))+1,99),LEFT(TRIM(MID(SUBSTITUTE(TRIM(MID($L13,FIND(":",$L13)+1,200)),",",REPT(" ",60)),61,60)),IFERROR(FIND("-",TRIM(MID(SUBSTITUTE(TRIM(MID($L13,FIND(":",$L13)+1,200)),",",REPT(" ",60)),61,60)))-1,LEN(TRIM(MID(SUBSTITUTE(TRIM(MID($L13,FIND(":",$L13)+1,200)),",",REPT(" ",60)),61,60)))))),2,3)),"") | AD13: =IFERROR(($AB13-$Z13+1)*($AC13-$AA13+1),0) -> 0
... E495: =IF(AND($A495<>"",$B495<>"",$C495<>"",$D495<>""),TODAY(),"") | G495: =IF(AND($A495<>"",$B495<>"",$C495<>"",$D495<>""),IF(OR($B495="SER",$B495="PLH",$B495="CSF"),"Control CDI Plate "&(INT(((COUNTIFS($B$2:$B495,"SER")+COUNTIFS($B$2:$B495,"PLH")+COUNTIFS($B$2:$B495,"CSF"))-1)/96)+1)&": "&CHAR(65+INT(MOD((COUNTIFS($B$2:$B495,"SER")+COUNTIFS($B$2:$B495,"PLH")+COUNTIFS($B$2:$B495,"CSF"))-1,96)/12))&(MOD((COUNTIFS($B$2:$B495,"SER")+COUNTIFS($B$2:$B495,"PLH")+COUNTIFS($B$2:$B495,"CSF"))-1,12)+1),"N/A"),"") | H495: =IF(AND($A495<>"",$B495<>"",$C495<>"",$D495<>""),IF(OR($B495="SER",$B495="PLH",$B495="CSF"),"Control NIH Plate "&(INT(((COUNTIFS($B$2:$B495,"SER")+COUNTIFS($B$2:$B495,"PLH")+COUNTIFS($B$2:$B495,"CSF"))-1)/96)+1)&": "&CHAR(65+INT(MOD((COUNTIFS($B$2:$B495,"SER")+COUNTIFS($B$2:$B495,"PLH")+COUNTIFS($B$2:$B495,"CSF"))-1,96)/12))&(MOD((COUNTIFS($B$2:$B495,"SER")+COUNTIFS($B$2:$B495,"PLH")+COUNTIFS($B$2:$B495,"CSF"))-1,12)+1),"N/A"),"") | I495: =IF(AND($A495<>"",$B495<>"",$C495<>"",$D495<>""),IF(OR($B495="SER",$B495="PLH"),"Control MAX Planck Plate "&(INT(((COUNTIFS($B$2:$B495,"SER")+COUNTIFS($B$2:$B495,"PLH"))-1)/96)+1)&": "&CHAR(65+INT(MOD((COUNTIFS($B$2:$B495,"SER")+COUNTIFS($B$2:$B495,"PLH"))-1,96)/12))&(MOD((COUNTIFS($B$2:$B495,"SER")+COUNTIFS($B$2:$B495,"PLH"))-1,12)+1),"N/A"),"") | J495: =IF(AND($A495<>"",$B495<>"",$C495<>"",$D495<>""),IF($B495="WB","Control WB Box "&(INT((COUNTIFS($B$2:$B495,"WB")-1)/81)+1)&": "&CHAR(65+INT(MOD(COUNTIFS($B$2:$B495,"WB")-1,81)/9))&(MOD(COUNTIFS($B$2:$B495,"WB")-1,9)+1),"N/A"),"") | K495: =IF(AND($A495<>"",$B495<>"",$C495<>"",$D495<>""),IF($B495="WB","No",""),"") | O495: =IF($A495<>"",MID($A495,7,4),"") | P495: =IF($C495<>"",TEXT($C495,"mmddyy"),"") | Q495: =IF(AND($A495<>"",$B495<>"",$C495<>""),IF($B495="WB","cn_"&$O495&"_wb_"&$P495,"cn_"&$O495&"_"&LOWER($B495)&"_"&IF($B495="CSF","0.50","0.20")&"_"&$P495),"") | R495: =IF(AND($A495<>"",$B495="WB",$C495<>""),"cn_"&$O495&"_wb_"&$P495,"") | S495: =IFERROR(VALUE(MID($L495,FIND("Box ",$L495)+4,FIND(":",$L495)-FIND("Box ",$L495)-4)),"") | T495: =IFERROR(CODE(UPPER(LEFT(LEFT(TRIM(MID(SUBSTITUTE(TRIM(MID($L495,FIND(":",$L495)+1,200)),",",REPT(" ",60)),1,60)),IFERROR(FIND("-",TRIM(MID(SUBSTITUTE(TRIM(MID($L495,FIND(":",$L495)+1,200)),",",REPT(" ",60)),1,60)))-1,LEN(TRIM(MID(SUBSTITUTE(TRIM(MID($L495,FIND(":",$L495)+1,200)),",",REPT(" ",60)),1,60))))),1)))-64,"") | U495: =IFERROR(VALUE(MID(LEFT(TRIM(MID(SUBSTITUTE(TRIM(MID($L495,FIND(":",$L495)+1,200)),",",REPT(" ",60)),1,60)),IFERROR(FIND("-",TRIM(MID(SUBSTITUTE(TRIM(MID($L495,FIND(":",$L495)+1,200)),",",REPT(" ",60)),1,60)))-1,LEN(TRIM(MID(SUBSTITUTE(TRIM(MID($L495,FIND(":",$L495)+1,200)),",",REPT(" ",60)),1,60))))),2,3)),"") | V495: =IFERROR(CODE(UPPER(LEFT(IFERROR(MID(TRIM(MID(SUBSTITUTE(TRIM(MID($L495,FIND(":",$L495)+1,200)),",",REPT(" ",60)),1,60)),FIND("-",TRIM(MID(SUBSTITUTE(TRIM(MID($L495,FIND(":",$L495)+1,200)),",",REPT(" ",60)),1,60)))+1,99),LEFT(TRIM(MID(SUBSTITUTE(TRIM(MID($L495,FIND(":",$L495)+1,200)),",",REPT(" ",60)),1,60)),IFERROR(FIND("-",TRIM(MID(SUBSTITUTE(TRIM(MID($L495,FIND(":",$L495)+1,200)),",",REPT(" ",60)),1,60)))-1,LEN(TRIM(MID(SUBSTITUTE(TRIM(MID($L495,FIND(":",$L495)+1,200)),",",REPT(" ",60)),1,60)))))),1)))-64,"") | W495: =IFERROR(VALUE(MID(IFERROR(MID(TRIM(MID(SUBSTITUTE(TRIM(MID($L495,FIND(":",$L495)+1,200)),",",REPT(" ",60)),1,60)),FIND("-",TRIM(MID(SUBSTITUTE(TRIM(MID($L495,FIND(":",$L495)+1,200)),",",REPT(" ",60)),1,60)))+1,99),LEFT(TRIM(MID(SUBSTITUTE(TRIM(MID($L495,FIND(":",$L495)+1,200)),",",REPT(" ",60)),1,60)),IFERROR(FIND("-",TRIM(MID(SUBSTITUTE(TRIM(MID($L495,FIND(":",$L495)+1,200)),",",REPT(" ",60)),1,60)))-1,LEN(TRIM(MID(SUBSTITUTE(TRIM(MID($L495,FIND(":",$L495)+1,200)),",",REPT(" ",60)),1,60)))))),2,3)),"") | X495: =IF(AND($A495<>"",$B495<>"",$C495<>""),"cn_"&$O495&"_"&LOWER($B495)&"_","") | Y495: =IFERROR(($V495-$T495+1)*($W495-$U495+1),0) -> 0 | Z495: =IFERROR(CODE(UPPER(LEFT(LEFT(TRIM(MID(SUBSTITUTE(TRIM(MID($L495,FIND(":",$L495)+1,200)),",",REPT(" ",60)),61,60)),IFERROR(FIND("-",TRIM(MID(SUBSTITUTE(TRIM(MID($L495,FIND(":",$L495)+1,200)),",",REPT(" ",60)),61,60)))-1,LEN(TRIM(MID(SUBSTITUTE(TRIM(MID($L495,FIND(":",$L495)+1,200)),",",REPT(" ",60)),61,60))))),1)))-64,"") | AA495: =IFERROR(VALUE(MID(LEFT(TRIM(MID(SUBSTITUTE(TRIM(MID($L495,FIND(":",$L495)+1,200)),",",REPT(" ",60)),61,60)),IFERROR(FIND("-",TRIM(MID(SUBSTITUTE(TRIM(MID($L495,FIND(":",$L495)+1,200)),",",REPT(" ",60)),61,60)))-1,LEN(TRIM(MID(SUBSTITUTE(TRIM(MID($L495,FIND(":",$L495)+1,200)),",",REPT(" ",60)),61,60))))),2,3)),"") | AB495: =IFERROR(CODE(UPPER(LEFT(IFERROR(MID(TRIM(MID(SUBSTITUTE(TRIM(MID($L495,FIND(":",$L495)+1,200)),",",REPT(" ",60)),61,60)),FIND("-",TRIM(MID(SUBSTITUTE(TRIM(MID($L495,FIND(":",$L495)+1,200)),",",REPT(" ",60)),61,60)))+1,99),LEFT(TRIM(MID(SUBSTITUTE(TRIM(MID($L495,FIND(":",$L495)+1,200)),",",REPT(" ",60)),61,60)),IFERROR(FIND("-",TRIM(MID(SUBSTITUTE(TRIM(MID($L495,FIND(":",$L495)+1,200)),",",REPT(" ",60)),61,60)))-1,LEN(TRIM(MID(SUBSTITUTE(TRIM(MID($L495,FIND(":",$L495)+1,200)),",",REPT(" ",60)),61,60)))))),1)))-64,"") | AC495: =IFERROR(VALUE(MID(IFERROR(MID(TRIM(MID(SUBSTITUTE(TRIM(MID($L495,FIND(":",$L495)+1,200)),",",REPT(" ",60)),61,60)),FIND("-",TRIM(MID(SUBSTITUTE(TRIM(MID($L495,FIND(":",$L495)+1,200)),",",REPT(" ",60)),61,60)))+1,99),LEFT(TRIM(MID(SUBSTITUTE(TRIM(MID($L495,FIND(":",$L495)+1,200)),",",REPT(" ",60)),61,60)),IFERROR(FIND("-",TRIM(MID(SUBSTITUTE(TRIM(MID($L495,FIND(":",$L495)+1,200)),",",REPT(" ",60)),61,60)))-1,LEN(TRIM(MID(SUBSTITUTE(TRIM(MID($L495,FIND(":",$L495)+1,200)),",",REPT(" ",60)),61,60)))))),2,3)),"") | AD495: =IFERROR(($AB495-$Z495+1)*($AC495-$AA495+1),0) -> 0

Sheet Case CDI Plate
A1: Case CDI Plate 1
B2: 1 | C2: 2 | D2: 3 | E2: 4 | F2: 5 | G2: 6 | H2: 7 | I2: 8 | J2: 9 | K2: 10 | L2: 11 | M2: 12
A3: A | B3: =IFERROR(INDEX('CASE MASTER'!$R$2:$R$495,MATCH("Case CDI Plate 1: A1",'CASE MASTER'!$H$2:$H$495,0)),"") | C3: =IFERROR(INDEX('CASE MASTER'!$R$2:$R$495,MATCH("Case CDI Plate 1: A2",'CASE MASTER'!$H$2:$H$495,0)),"") | D3: =IFERROR(INDEX('CASE MASTER'!$R$2:$R$495,MATCH("Case CDI Plate 1: A3",'CASE MASTER'!$H$2:$H$495,0)),"") | E3: =IFERROR(INDEX('CASE MASTER'!$R$2:$R$495,MATCH("Case CDI Plate 1: A4",'CASE MASTER'!$H$2:$H$495,0)),"") | F3: =IFERROR(INDEX('CASE MASTER'!$R$2:$R$495,MATCH("Case CDI Plate 1: A5",'CASE MASTER'!$H$2:$H$495,0)),"") | G3: =IFERROR(INDEX('CASE MASTER'!$R$2:$R$495,MATCH("Case CDI Plate 1: A6",'CASE MASTER'!$H$2:$H$495,0)),"") | H3: =IFERROR(INDEX('CASE MASTER'!$R$2:$R$495,MATCH("Case CDI Plate 1: A7",'CASE MASTER'!$H$2:$H$495,0)),"") | I3: =IFERROR(INDEX('CASE MASTER'!$R$2:$R$495,MATCH("Case CDI Plate 1: A8",'CASE MASTER'!$H$2:$H$495,0)),"") | J3: =IFERROR(INDEX('CASE MASTER'!$R$2:$R$495,MATCH("Case CDI Plate 1: A9",'CASE MASTER'!$H$2:$H$495,0)),"") | K3: =IFERROR(INDEX('CASE MASTER'!$R$2:$R$495,MATCH("Case CDI Plate 1: A10",'CASE MASTER'!$H$2:$H$495,0)),"") | L3: =IFERROR(INDEX('CASE MASTER'!$R$2:$R$495,MATCH("Case CDI Plate 1: A11",'CASE MASTER'!$H$2:$H$495,0)),"") | M3: =IFERROR(INDEX('CASE MASTER'!$R$2:$R$495,MATCH("Case CDI Plate 1: A12",'CASE MASTER'!$H$2:$H$495,0)),"")
A4: B | B4: =IFERROR(INDEX('CASE MASTER'!$R$2:$R$495,MATCH("Case CDI Plate 1: B1",'CASE MASTER'!$H$2:$H$495,0)),"") | C4: =IFERROR(INDEX('CASE MASTER'!$R$2:$R$495,MATCH("Case CDI Plate 1: B2",'CASE MASTER'!$H$2:$H$495,0)),"") | D4: =IFERROR(INDEX('CASE MASTER'!$R$2:$R$495,MATCH("Case CDI Plate 1: B3",'CASE MASTER'!$H$2:$H$495,0)),"") | E4: =IFERROR(INDEX('CASE MASTER'!$R$2:$R$495,MATCH("Case CDI Plate 1: B4",'CASE MASTER'!$H$2:$H$495,0)),"") | F4: =IFERROR(INDEX('CASE MASTER'!$R$2:$R$495,MATCH("Case CDI Plate 1: B5",'CASE MASTER'!$H$2:$H$495,0)),"") | G4: =IFERROR(INDEX('CASE MASTER'!$R$2:$R$495,MATCH("Case CDI Plate 1: B6",'CASE MASTER'!$H$2:$H$495,0)),"") | H4: =IFERROR(INDEX('CASE MASTER'!$R$2:$R$495,MATCH("Case CDI Plate 1: B7",'CASE MASTER'!$H$2:$H$495,0)),"") | I4: =IFERROR(INDEX('CASE MASTER'!$R$2:$R$495,MATCH("Case CDI Plate 1: B8",'CASE MASTER'!$H$2:$H$495,0)),"") | J4: =IFERROR(INDEX('CASE MASTER'!$R$2:$R$495,MATCH("Case CDI Plate 1: B9",'CASE MASTER'!$H$2:$H$495,0)),"") | K4: =IFERROR(INDEX('CASE MASTER'!$R$2:$R$495,MATCH("Case CDI Plate 1: B10",'CASE MASTER'!$H$2:$H$495,0)),"") | L4: =IFERROR(INDEX('CASE MASTER'!$R$2:$R$495,MATCH("Case CDI Plate 1: B11",'CASE MASTER'!$H$2:$H$495,0)),"") | M4: =IFERROR(INDEX('CASE MASTER'!$R$2:$R$495,MATCH("Case CDI Plate 1: B12",'CASE MASTER'!$H$2:$H$495,0)),"")
A5: C | B5: =IFERROR(INDEX('CASE MASTER'!$R$2:$R$495,MATCH("Case CDI Plate 1: C1",'CASE MASTER'!$H$2:$H$495,0)),"") | C5: =IFERROR(INDEX('CASE MASTER'!$R$2:$R$495,MATCH("Case CDI Plate 1: C2",'CASE MASTER'!$H$2:$H$495,0)),"") | D5: =IFERROR(INDEX('CASE MASTER'!$R$2:$R$495,MATCH("Case CDI Plate 1: C3",'CASE MASTER'!$H$2:$H$495,0)),"") | E5: =IFERROR(INDEX('CASE MASTER'!$R$2:$R$495,MATCH("Case CDI Plate 1: C4",'CASE MASTER'!$H$2:$H$495,0)),"") | F5: =IFERROR(INDEX('CASE MASTER'!$R$2:$R$495,MATCH("Case CDI Plate 1: C5",'CASE MASTER'!$H$2:$H$495,0)),"") | G5: =IFERROR(INDEX('CASE MASTER'!$R$2:$R$495,MATCH("Case CDI Plate 1: C6",'CASE MASTER'!$H$2:$H$495,0)),"") | H5: =IFERROR(INDEX('CASE MASTER'!$R$2:$R$495,MATCH("Case CDI Plate 1: C7",'CASE MASTER'!$H$2:$H$495,0)),"") | I5: =IFERROR(INDEX('CASE MASTER'!$R$2:$R$495,MATCH("Case CDI Plate 1: C8",'CASE MASTER'!$H$2:$H$495,0)),"") | J5: =IFERROR(INDEX('CASE MASTER'!$R$2:$R$495,MATCH("Case CDI Plate 1: C9",'CASE MASTER'!$H$2:$H$495,0)),"") | K5: =IFERROR(INDEX('CASE MASTER'!$R$2:$R$495,MATCH("Case CDI Plate 1: C10",'CASE MASTER'!$H$2:$H$495,0)),"") | L5: =IFERROR(INDEX('CASE MASTER'!$R$2:$R$495,MATCH("Case CDI Plate 1: C11",'CASE MASTER'!$H$2:$H$495,0)),"") | M5: =IFERROR(INDEX('CASE MASTER'!$R$2:$R$495,MATCH("Case CDI Plate 1: C12",'CASE MASTER'!$H$2:$H$495,0)),"")
A6: D | B6: =IFERROR(INDEX('CASE MASTER'!$R$2:$R$495,MATCH("Case CDI Plate 1: D1",'CASE MASTER'!$H$2:$H$495,0)),"") | C6: =IFERROR(INDEX('CASE MASTER'!$R$2:$R$495,MATCH("Case CDI Plate 1: D2",'CASE MASTER'!$H$2:$H$495,0)),"") | D6: =IFERROR(INDEX('CASE MASTER'!$R$2:$R$495,MATCH("Case CDI Plate 1: D3",'CASE MASTER'!$H$2:$H$495,0)),"") | E6: =IFERROR(INDEX('CASE MASTER'!$R$2:$R$495,MATCH("Case CDI Plate 1: D4",'CASE MASTER'!$H$2:$H$495,0)),"") | F6: =IFERROR(INDEX('CASE MASTER'!$R$2:$R$495,MATCH("Case CDI Plate 1: D5",'CASE MASTER'!$H$2:$H$495,0)),"") | G6: =IFERROR(INDEX('CASE MASTER'!$R$2:$R$495,MATCH("Case CDI Plate 1: D6",'CASE MASTER'!$H$2:$H$495,0)),"") | H6: =IFERROR(INDEX('CASE MASTER'!$R$2:$R$495,MATCH("Case CDI Plate 1: D7",'CASE MASTER'!$H$2:$H$495,0)),"") | I6: =IFERROR(INDEX('CASE MASTER'!$R$2:$R$495,MATCH("Case CDI Plate 1: D8",'CASE MASTER'!$H$2:$H$495,0)),"") | J6: =IFERROR(INDEX('CASE MASTER'!$R$2:$R$495,MATCH("Case CDI Plate 1: D9",'CASE MASTER'!$H$2:$H$495,0)),"") | K6: =IFERROR(INDEX('CASE MASTER'!$R$2:$R$495,MATCH("Case CDI Plate 1: D10",'CASE MASTER'!$H$2:$H$495,0)),"") | L6: =IFERROR(INDEX('CASE MASTER'!$R$2:$R$495,MATCH("Case CDI Plate 1: D11",'CASE MASTER'!$H$2:$H$495,0)),"") | M6: =IFERROR(INDEX('CASE MASTER'!$R$2:$R$495,MATCH("Case CDI Plate 1: D12",'CASE MASTER'!$H$2:$H$495,0)),"")
A7: E | B7: =IFERROR(INDEX('CASE MASTER'!$R$2:$R$495,MATCH("Case CDI Plate 1: E1",'CASE MASTER'!$H$2:$H$495,0)),"") | C7: =IFERROR(INDEX('CASE MASTER'!$R$2:$R$495,MATCH("Case CDI Plate 1: E2",'CASE MASTER'!$H$2:$H$495,0)),"") | D7: =IFERROR(INDEX('CASE MASTER'!$R$2:$R$495,MATCH("Case CDI Plate 1: E3",'CASE MASTER'!$H$2:$H$495,0)),"") | E7: =IFERROR(INDEX('CASE MASTER'!$R$2:$R$495,MATCH("Case CDI Plate 1: E4",'CASE MASTER'!$H$2:$H$495,0)),"") | F7: =IFERROR(INDEX('CASE MASTER'!$R$2:$R$495,MATCH("Case CDI Plate 1: E5",'CASE MASTER'!$H$2:$H$495,0)),"") | G7: =IFERROR(INDEX('CASE MASTER'!$R$2:$R$495,MATCH("Case CDI Plate 1: E6",'CASE MASTER'!$H$2:$H$495,0)),"") | H7: =IFERROR(INDEX('CASE MASTER'!$R$2:$R$495,MATCH("Case CDI Plate 1: E7",'CASE MASTER'!$H$2:$H$495,0)),"") | I7: =IFERROR(INDEX('CASE MASTER'!$R$2:$R$495,MATCH("Case CDI Plate 1: E8",'CASE MASTER'!$H$2:$H$495,0)),"") | J7: =IFERROR(INDEX('CASE MASTER'!$R$2:$R$495,MATCH("Case CDI Plate 1: E9",'CASE MASTER'!$H$2:$H$495,0)),"") | K7: =IFERROR(INDEX('CASE MASTER'!$R$2:$R$495,MATCH("Case CDI Plate 1: E10",'CASE MASTER'!$H$2:$H$495,0)),"") | L7: =IFERROR(INDEX('CASE MASTER'!$R$2:$R$495,MATCH("Case CDI Plate 1: E11",'CASE MASTER'!$H$2:$H$495,0)),"") | M7: =IFERROR(INDEX('CASE MASTER'!$R$2:$R$495,MATCH("Case CDI Plate 1: E12",'CASE MASTER'!$H$2:$H$495,0)),"")
A8: F | B8: =IFERROR(INDEX('CASE MASTER'!$R$2:$R$495,MATCH("Case CDI Plate 1: F1",'CASE MASTER'!$H$2:$H$495,0)),"") | C8: =IFERROR(INDEX('CASE MASTER'!$R$2:$R$495,MATCH("Case CDI Plate 1: F2",'CASE MASTER'!$H$2:$H$495,0)),"") | D8: =IFERROR(INDEX('CASE MASTER'!$R$2:$R$495,MATCH("Case CDI Plate 1: F3",'CASE MASTER'!$H$2:$H$495,0)),"") | E8: =IFERROR(INDEX('CASE MASTER'!$R$2:$R$495,MATCH("Case CDI Plate 1: F4",'CASE MASTER'!$H$2:$H$495,0)),"") | F8: =IFERROR(INDEX('CASE MASTER'!$R$2:$R$495,MATCH("Case CDI Plate 1: F5",'CASE MASTER'!$H$2:$H$495,0)),"") | G8: =IFERROR(INDEX('CASE MASTER'!$R$2:$R$495,MATCH("Case CDI Plate 1: F6",'CASE MASTER'!$H$2:$H$495,0)),"") | H8: =IFERROR(INDEX('CASE MASTER'!$R$2:$R$495,MATCH("Case CDI Plate 1: F7",'CASE MASTER'!$H$2:$H$495,0)),"") | I8: =IFERROR(INDEX('CASE MASTER'!$R$2:$R$495,MATCH("Case CDI Plate 1: F8",'CASE MASTER'!$H$2:$H$495,0)),"") | J8: =IFERROR(INDEX('CASE MASTER'!$R$2:$R$495,MATCH("Case CDI Plate 1: F9",'CASE MASTER'!$H$2:$H$495,0)),"") | K8: =IFERROR(INDEX('CASE MASTER'!$R$2:$R$495,MATCH("Case CDI Plate 1: F10",'CASE MASTER'!$H$2:$H$495,0)),"") | L8: =IFERROR(INDEX('CASE MASTER'!$R$2:$R$495,MATCH("Case CDI Plate 1: F11",'CASE MASTER'!$H$2:$H$495,0)),"") | M8: =IFERROR(INDEX('CASE MASTER'!$R$2:$R$495,MATCH("Case CDI Plate 1: F12",'CASE MASTER'!$H$2:$H$495,0)),"")
A9: G | B9: =IFERROR(INDEX('CASE MASTER'!$R$2:$R$495,MATCH("Case CDI Plate 1: G1",'CASE MASTER'!$H$2:$H$495,0)),"") | C9: =IFERROR(INDEX('CASE MASTER'!$R$2:$R$495,MATCH("Case CDI Plate 1: G2",'CASE MASTER'!$H$2:$H$495,0)),"") | D9: =IFERROR(INDEX('CASE MASTER'!$R$2:$R$495,MATCH("Case CDI Plate 1: G3",'CASE MASTER'!$H$2:$H$495,0)),"") | E9: =IFERROR(INDEX('CASE MASTER'!$R$2:$R$495,MATCH("Case CDI Plate 1: G4",'CASE MASTER'!$H$2:$H$495,0)),"") | F9: =IFERROR(INDEX('CASE MASTER'!$R$2:$R$495,MATCH("Case CDI Plate 1: G5",'CASE MASTER'!$H$2:$H$495,0)),"") | G9: =IFERROR(INDEX('CASE MASTER'!$R$2:$R$495,MATCH("Case CDI Plate 1: G6",'CASE MASTER'!$H$2:$H$495,0)),"") | H9: =IFERROR(INDEX('CASE MASTER'!$R$2:$R$495,MATCH("Case CDI Plate 1: G7",'CASE MASTER'!$H$2:$H$495,0)),"") | I9: =IFERROR(INDEX('CASE MASTER'!$R$2:$R$495,MATCH("Case CDI Plate 1: G8",'CASE MASTER'!$H$2:$H$495,0)),"") | J9: =IFERROR(INDEX('CASE MASTER'!$R$2:$R$495,MATCH("Case CDI Plate 1: G9",'CASE MASTER'!$H$2:$H$495,0)),"") | K9: =IFERROR(INDEX('CASE MASTER'!$R$2:$R$495,MATCH("Case CDI Plate 1: G10",'CASE MASTER'!$H$2:$H$495,0)),"") | L9: =IFERROR(INDEX('CASE MASTER'!$R$2:$R$495,MATCH("Case CDI Plate 1: G11",'CASE MASTER'!$H$2:$H$495,0)),"") | M9: =IFERROR(INDEX('CASE MASTER'!$R$2:$R$495,MATCH("Case CDI Plate 1: G12",'CASE MASTER'!$H$2:$H$495,0)),"")
A10: H | B10: =IFERROR(INDEX('CASE MASTER'!$R$2:$R$495,MATCH("Case CDI Plate 1: H1",'CASE MASTER'!$H$2:$H$495,0)),"") | C10: =IFERROR(INDEX('CASE MASTER'!$R$2:$R$495,MATCH("Case CDI Plate 1: H2",'CASE MASTER'!$H$2:$H$495,0)),"") | D10: =IFERROR(INDEX('CASE MASTER'!$R$2:$R$495,MATCH("Case CDI Plate 1: H3",'CASE MASTER'!$H$2:$H$495,0)),"") | E10: =IFERROR(INDEX('CASE MASTER'!$R$2:$R$495,MATCH("Case CDI Plate 1: H4",'CASE MASTER'!$H$2:$H$495,0)),"") | F10: =IFERROR(INDEX('CASE MASTER'!$R$2:$R$495,MATCH("Case CDI Plate 1: H5",'CASE MASTER'!$H$2:$H$495,0)),"") | G10: =IFERROR(INDEX('CASE MASTER'!$R$2:$R$495,MATCH("Case CDI Plate 1: H6",'CASE MASTER'!$H$2:$H$495,0)),"") | H10: =IFERROR(INDEX('CASE MASTER'!$R$2:$R$495,MATCH("Case CDI Plate 1: H7",'CASE MASTER'!$H$2:$H$495,0)),"") | I10: =IFERROR(INDEX('CASE MASTER'!$R$2:$R$495,MATCH("Case CDI Plate 1: H8",'CASE MASTER'!$H$2:$H$495,0)),"") | J10: =IFERROR(INDEX('CASE MASTER'!$R$2:$R$495,MATCH("Case CDI Plate 1: H9",'CASE MASTER'!$H$2:$H$495,0)),"") | K10: =IFERROR(INDEX('CASE MASTER'!$R$2:$R$495,MATCH("Case CDI Plate 1: H10",'CASE MASTER'!$H$2:$H$495,0)),"") | L10: =IFERROR(INDEX('CASE MASTER'!$R$2:$R$495,MATCH("Case CDI Plate 1: H11",'CASE MASTER'!$H$2:$H$495,0)),"") | M10: =IFERROR(INDEX('CASE MASTER'!$R$2:$R$495,MATCH("Case CDI Plate 1: H12",'CASE MASTER'!$H$2:$H$495,0)),"")
A13: Case CDI Plate 2
B14: 1 | C14: 2 | D14: 3 | E14: 4 | F14: 5 | G14: 6 | H14: 7 | I14: 8 | J14: 9 | K14: 10 | L14: 11 | M14: 12
A15: A | B15: =IFERROR(INDEX('CASE MASTER'!$R$2:$R$495,MATCH("Case CDI Plate 2: A1",'CASE MASTER'!$H$2:$H$495,0)),"") | C15: =IFERROR(INDEX('CASE MASTER'!$R$2:$R$495,MATCH("Case CDI Plate 2: A2",'CASE MASTER'!$H$2:$H$495,0)),"") | D15: =IFERROR(INDEX('CASE MASTER'!$R$2:$R$495,MATCH("Case CDI Plate 2: A3",'CASE MASTER'!$H$2:$H$495,0)),"") | E15: =IFERROR(INDEX('CASE MASTER'!$R$2:$R$495,MATCH("Case CDI Plate 2: A4",'CASE MASTER'!$H$2:$H$495,0)),"") | F15: =IFERROR(INDEX('CASE MASTER'!$R$2:$R$495,MATCH("Case CDI Plate 2: A5",'CASE MASTER'!$H$2:$H$495,0)),"") | G15: =IFERROR(INDEX('CASE MASTER'!$R$2:$R$495,MATCH("Case CDI Plate 2: A6",'CASE MASTER'!$H$2:$H$495,0)),"") | H15: =IFERROR(INDEX('CASE MASTER'!$R$2:$R$495,MATCH("Case CDI Plate 2: A7",'CASE MASTER'!$H$2:$H$495,0)),"") | I15: =IFERROR(INDEX('CASE MASTER'!$R$2:$R$495,MATCH("Case CDI Plate 2: A8",'CASE MASTER'!$H$2:$H$495,0)),"") | J15: =IFERROR(INDEX('CASE MASTER'!$R$2:$R$495,MATCH("Case CDI Plate 2: A9",'CASE MASTER'!$H$2:$H$495,0)),"") | K15: =IFERROR(INDEX('CASE MASTER'!$R$2:$R$495,MATCH("Case CDI Plate 2: A10",'CASE MASTER'!$H$2:$H$495,0)),"") | L15: =IFERROR(INDEX('CASE MASTER'!$R$2:$R$495,MATCH("Case CDI Plate 2: A11",'CASE MASTER'!$H$2:$H$495,0)),"") | M15: =IFERROR(INDEX('CASE MASTER'!$R$2:$R$495,MATCH("Case CDI Plate 2: A12",'CASE MASTER'!$H$2:$H$495,0)),"")
A16: B | B16: =IFERROR(INDEX('CASE MASTER'!$R$2:$R$495,MATCH("Case CDI Plate 2: B1",'CASE MASTER'!$H$2:$H$495,0)),"") | C16: =IFERROR(INDEX('CASE MASTER'!$R$2:$R$495,MATCH("Case CDI Plate 2: B2",'CASE MASTER'!$H$2:$H$495,0)),"") | D16: =IFERROR(INDEX('CASE MASTER'!$R$2:$R$495,MATCH("Case CDI Plate 2: B3",'CASE MASTER'!$H$2:$H$495,0)),"") | E16: =IFERROR(INDEX('CASE MASTER'!$R$2:$R$495,MATCH("Case CDI Plate 2: B4",'CASE MASTER'!$H$2:$H$495,0)),"") | F16: =IFERROR(INDEX('CASE MASTER'!$R$2:$R$495,MATCH("Case CDI Plate 2: B5",'CASE MASTER'!$H$2:$H$495,0)),"") | G16: =IFERROR(INDEX('CASE MASTER'!$R$2:$R$495,MATCH("Case CDI Plate 2: B6",'CASE MASTER'!$H$2:$H$495,0)),"") | H16: =IFERROR(INDEX('CASE MASTER'!$R$2:$R$495,MATCH("Case CDI Plate 2: B7",'CASE MASTER'!$H$2:$H$495,0)),"") | I16: =IFERROR(INDEX('CASE MASTER'!$R$2:$R$495,MATCH("Case CDI Plate 2: B8",'CASE MASTER'!$H$2:$H$495,0)),"") | J16: =IFERROR(INDEX('CASE MASTER'!$R$2:$R$495,MATCH("Case CDI Plate 2: B9",'CASE MASTER'!$H$2:$H$495,0)),"") | K16: =IFERROR(INDEX('CASE MASTER'!$R$2:$R$495,MATCH("Case CDI Plate 2: B10",'CASE MASTER'!$H$2:$H$495,0)),"") | L16: =IFERROR(INDEX('CASE MASTER'!$R$2:$R$495,MATCH("Case CDI Plate 2: B11",'CASE MASTER'!$H$2:$H$495,0)),"") | M16: =IFERROR(INDEX('CASE MASTER'!$R$2:$R$495,MATCH("Case CDI Plate 2: B12",'CASE MASTER'!$H$2:$H$495,0)),"")
A17: C | B17: =IFERROR(INDEX('CASE MASTER'!$R$2:$R$495,MATCH("Case CDI Plate 2: C1",'CASE MASTER'!$H$2:$H$495,0)),"") | C17: =IFERROR(INDEX('CASE MASTER'!$R$2:$R$495,MATCH("Case CDI Plate 2: C2",'CASE MASTER'!$H$2:$H$495,0)),"") | D17: =IFERROR(INDEX('CASE MASTER'!$R$2:$R$495,MATCH("Case CDI Plate 2: C3",'CASE MASTER'!$H$2:$H$495,0)),"") | E17: =IFERROR(INDEX('CASE MASTER'!$R$2:$R$495,MATCH("Case CDI Plate 2: C4",'CASE MASTER'!$H$2:$H$495,0)),"") | F17: =IFERROR(INDEX('CASE MASTER'!$R$2:$R$495,MATCH("Case CDI Plate 2: C5",'CASE MASTER'!$H$2:$H$495,0)),"") | G17: =IFERROR(INDEX('CASE MASTER'!$R$2:$R$495,MATCH("Case CDI Plate 2: C6",'CASE MASTER'!$H$2:$H$495,0)),"") | H17: =IFERROR(INDEX('CASE MASTER'!$R$2:$R$495,MATCH("Case CDI Plate 2: C7",'CASE MASTER'!$H$2:$H$495,0)),"") | I17: =IFERROR(INDEX('CASE MASTER'!$R$2:$R$495,MATCH("Case CDI Plate 2: C8",'CASE MASTER'!$H$2:$H$495,0)),"") | J17: =IFERROR(INDEX('CASE MASTER'!$R$2:$R$495,MATCH("Case CDI Plate 2: C9",'CASE MASTER'!$H$2:$H$495,0)),"") | K17: =IFERROR(INDEX('CASE MASTER'!$R$2:$R$495,MATCH("Case CDI Plate 2: C10",'CASE MASTER'!$H$2:$H$495,0)),"") | L17: =IFERROR(INDEX('CASE MASTER'!$R$2:$R$495,MATCH("Case CDI Plate 2: C11",'CASE MASTER'!$H$2:$H$495,0)),"") | M17: =IFERROR(INDEX('CASE MASTER'!$R$2:$R$495,MATCH("Case CDI Plate 2: C12",'CASE MASTER'!$H$2:$H$495,0)),"")
A18: D | B18: =IFERROR(INDEX('CASE MASTER'!$R$2:$R$495,MATCH("Case CDI Plate 2: D1",'CASE MASTER'!$H$2:$H$495,0)),"") | C18: =IFERROR(INDEX('CASE MASTER'!$R$2:$R$495,MATCH("Case CDI Plate 2: D2",'CASE MASTER'!$H$2:$H$495,0)),"") | D18: =IFERROR(INDEX('CASE MASTER'!$R$2:$R$495,MATCH("Case CDI Plate 2: D3",'CASE MASTER'!$H$2:$H$495,0)),"") | E18: =IFERROR(INDEX('CASE MASTER'!$R$2:$R$495,MATCH("Case CDI Plate 2: D4",'CASE MASTER'!$H$2:$H$495,0)),"") | F18: =IFERROR(INDEX('CASE MASTER'!$R$2:$R$495,MATCH("Case CDI Plate 2: D5",'CASE MASTER'!$H$2:$H$495,0)),"") | G18: =IFERROR(INDEX('CASE MASTER'!$R$2:$R$495,MATCH("Case CDI Plate 2: D6",'CASE MASTER'!$H$2:$H$495,0)),"") | H18: =IFERROR(INDEX('CASE MASTER'!$R$2:$R$495,MATCH("Case CDI Plate 2: D7",'CASE MASTER'!$H$2:$H$495,0)),"") | I18: =IFERROR(INDEX('CASE MASTER'!$R$2:$R$495,MATCH("Case CDI Plate 2: D8",'CASE MASTER'!$H$2:$H$495,0)),"") | J18: =IFERROR(INDEX('CASE MASTER'!$R$2:$R$495,MATCH("Case CDI Plate 2: D9",'CASE MASTER'!$H$2:$H$495,0)),"") | K18: =IFERROR(INDEX('CASE MASTER'!$R$2:$R$495,MATCH("Case CDI Plate 2: D10",'CASE MASTER'!$H$2:$H$495,0)),"") | L18: =IFERROR(INDEX('CASE MASTER'!$R$2:$R$495,MATCH("Case CDI Plate 2: D11",'CASE MASTER'!$H$2:$H$495,0)),"") | M18: =IFERROR(INDEX('CASE MASTER'!$R$2:$R$495,MATCH("Case CDI Plate 2: D12",'CASE MASTER'!$H$2:$H$495,0)),"")
A19: E | B19: =IFERROR(INDEX('CASE MASTER'!$R$2:$R$495,MATCH("Case CDI Plate 2: E1",'CASE MASTER'!$H$2:$H$495,0)),"") | C19: =IFERROR(INDEX('CASE MASTER'!$R$2:$R$495,MATCH("Case CDI Plate 2: E2",'CASE MASTER'!$H$2:$H$495,0)),"") | D19: =IFERROR(INDEX('CASE MASTER'!$R$2:$R$495,MATCH("Case CDI Plate 2: E3",'CASE MASTER'!$H$2:$H$495,0)),"") | E19: =IFERROR(INDEX('CASE MASTER'!$R$2:$R$495,MATCH("Case CDI Plate 2: E4",'CASE MASTER'!$H$2:$H$495,0)),"") | F19: =IFERROR(INDEX('CASE MASTER'!$R$2:$R$495,MATCH("Case CDI Plate 2: E5",'CASE MASTER'!$H$2:$H$495,0)),"") | G19: =IFERROR(INDEX('CASE MASTER'!$R$2:$R$495,MATCH("Case CDI Plate 2: E6",'CASE MASTER'!$H$2:$H$495,0)),"") | H19: =IFERROR(INDEX('CASE MASTER'!$R$2:$R$495,MATCH("Case CDI Plate 2: E7",'CASE MASTER'!$H$2:$H$495,0)),"") | I19: =IFERROR(INDEX('CASE MASTER'!$R$2:$R$495,MATCH("Case CDI Plate 2: E8",'CASE MASTER'!$H$2:$H$495,0)),"") | J19: =IFERROR(INDEX('CASE MASTER'!$R$2:$R$495,MATCH("Case CDI Plate 2: E9",'CASE MASTER'!$H$2:$H$495,0)),"") | K19: =IFERROR(INDEX('CASE MASTER'!$R$2:$R$495,MATCH("Case CDI Plate 2: E10",'CASE MASTER'!$H$2:$H$495,0)),"") | L19: =IFERROR(INDEX('CASE MASTER'!$R$2:$R$495,MATCH("Case CDI Plate 2: E11",'CASE MASTER'!$H$2:$H$495,0)),"") | M19: =IFERROR(INDEX('CASE MASTER'!$R$2:$R$495,MATCH("Case CDI Plate 2: E12",'CASE MASTER'!$H$2:$H$495,0)),"")
A20: F | B20: =IFERROR(INDEX('CASE MASTER'!$R$2:$R$495,MATCH("Case CDI Plate 2: F1",'CASE MASTER'!$H$2:$H$495,0)),"") | C20: =IFERROR(INDEX('CASE MASTER'!$R$2:$R$495,MATCH("Case CDI Plate 2: F2",'CASE MASTER'!$H$2:$H$495,0)),"") | D20: =IFERROR(INDEX('CASE MASTER'!$R$2:$R$495,MATCH("Case CDI Plate 2: F3",'CASE MASTER'!$H$2:$H$495,0)),"") | E20: =IFERROR(INDEX('CASE MASTER'!$R$2:$R$495,MATCH("Case CDI Plate 2: F4",'CASE MASTER'!$H$2:$H$495,0)),"") | F20: =IFERROR(INDEX('CASE MASTER'!$R$2:$R$495,MATCH("Case CDI Plate 2: F5",'CASE MASTER'!$H$2:$H$495,0)),"") | G20: =IFERROR(INDEX('CASE MASTER'!$R$2:$R$495,MATCH("Case CDI Plate 2: F6",'CASE MASTER'!$H$2:$H$495,0)),"") | H20: =IFERROR(INDEX('CASE MASTER'!$R$2:$R$495,MATCH("Case CDI Plate 2: F7",'CASE MASTER'!$H$2:$H$495,0)),"") | I20: =IFERROR(INDEX('CASE MASTER'!$R$2:$R$495,MATCH("Case CDI Plate 2: F8",'CASE MASTER'!$H$2:$H$495,0)),"") | J20: =IFERROR(INDEX('CASE MASTER'!$R$2:$R$495,MATCH("Case CDI Plate 2: F9",'CASE MASTER'!$H$2:$H$495,0)),"") | K20: =IFERROR(INDEX('CASE MASTER'!$R$2:$R$495,MATCH("Case CDI Plate 2: F10",'CASE MASTER'!$H$2:$H$495,0)),"") | L20: =IFERROR(INDEX('CASE MASTER'!$R$2:$R$495,MATCH("Case CDI Plate 2: F11",'CASE MASTER'!$H$2:$H$495,0)),"") | M20: =IFERROR(INDEX('CASE MASTER'!$R$2:$R$495,MATCH("Case CDI Plate 2: F12",'CASE MASTER'!$H$2:$H$495,0)),"")
A21: G | B21: =IFERROR(INDEX('CASE MASTER'!$R$2:$R$495,MATCH("Case CDI Plate 2: G1",'CASE MASTER'!$H$2:$H$495,0)),"") | C21: =IFERROR(INDEX('CASE MASTER'!$R$2:$R$495,MATCH("Case CDI Plate 2: G2",'CASE MASTER'!$H$2:$H$495,0)),"") | D21: =IFERROR(INDEX('CASE MASTER'!$R$2:$R$495,MATCH("Case CDI Plate 2: G3",'CASE MASTER'!$H$2:$H$495,0)),"") | E21: =IFERROR(INDEX('CASE MASTER'!$R$2:$R$495,MATCH("Case CDI Plate 2: G4",'CASE MASTER'!$H$2:$H$495,0)),"") | F21: =IFERROR(INDEX('CASE MASTER'!$R$2:$R$495,MATCH("Case CDI Plate 2: G5",'CASE MASTER'!$H$2:$H$495,0)),"") | G21: =IFERROR(INDEX('CASE MASTER'!$R$2:$R$495,MATCH("Case CDI Plate 2: G6",'CASE MASTER'!$H$2:$H$495,0)),"") | H21: =IFERROR(INDEX('CASE MASTER'!$R$2:$R$495,MATCH("Case CDI Plate 2: G7",'CASE MASTER'!$H$2:$H$495,0)),"") | I21: =IFERROR(INDEX('CASE MASTER'!$R$2:$R$495,MATCH("Case CDI Plate 2: G8",'CASE MASTER'!$H$2:$H$495,0)),"") | J21: =IFERROR(INDEX('CASE MASTER'!$R$2:$R$495,MATCH("Case CDI Plate 2: G9",'CASE MASTER'!$H$2:$H$495,0)),"") | K21: =IFERROR(INDEX('CASE MASTER'!$R$2:$R$495,MATCH("Case CDI Plate 2: G10",'CASE MASTER'!$H$2:$H$495,0)),"") | L21: =IFERROR(INDEX('CASE MASTER'!$R$2:$R$495,MATCH("Case CDI Plate 2: G11",'CASE MASTER'!$H$2:$H$495,0)),"") | M21: =IFERROR(INDEX('CASE MASTER'!$R$2:$R$495,MATCH("Case CDI Plate 2: G12",'CASE MASTER'!$H$2:$H$495,0)),"")
A22: H | B22: =IFERROR(INDEX('CASE MASTER'!$R$2:$R$495,MATCH("Case CDI Plate 2: H1",'CASE MASTER'!$H$2:$H$495,0)),"") | C22: =IFERROR(INDEX('CASE MASTER'!$R$2:$R$495,MATCH("Case CDI Plate 2: H2",'CASE MASTER'!$H$2:$H$495,0)),"") | D22: =IFERROR(INDEX('CASE MASTER'!$R$2:$R$495,MATCH("Case CDI Plate 2: H3",'CASE MASTER'!$H$2:$H$495,0)),"") | E22: =IFERROR(INDEX('CASE MASTER'!$R$2:$R$495,MATCH("Case CDI Plate 2: H4",'CASE MASTER'!$H$2:$H$495,0)),"") | F22: =IFERROR(INDEX('CASE MASTER'!$R$2:$R$495,MATCH("Case CDI Plate 2: H5",'CASE MASTER'!$H$2:$H$495,0)),"") | G22: =IFERROR(INDEX('CASE MASTER'!$R$2:$R$495,MATCH("Case CDI Plate 2: H6",'CASE MASTER'!$H$2:$H$495,0)),"") | H22: =IFERROR(INDEX('CASE MASTER'!$R$2:$R$495,MATCH("Case CDI Plate 2: H7",'CASE MASTER'!$H$2:$H$495,0)),"") | I22: =IFERROR(INDEX('CASE MASTER'!$R$2:$R$495,MATCH("Case CDI Plate 2: H8",'CASE MASTER'!$H$2:$H$495,0)),"") | J22: =IFERROR(INDEX('CASE MASTER'!$R$2:$R$495,MATCH("Case CDI Plate 2: H9",'CASE MASTER'!$H$2:$H$495,0)),"") | K22: =IFERROR(INDEX('CASE MASTER'!$R$2:$R$495,MATCH("Case CDI Plate 2: H10",'CASE MASTER'!$H$2:$H$495,0)),"") | L22: =IFERROR(INDEX('CASE MASTER'!$R$2:$R$495,MATCH("Case CDI Plate 2: H11",'CASE MASTER'!$H$2:$H$495,0)),"") | M22: =IFERROR(INDEX('CASE MASTER'!$R$2:$R$495,MATCH("Case CDI Plate 2: H12",'CASE MASTER'!$H$2:$H$495,0)),"")
A25: Case CDI Plate 3
B26: 1 | C26: 2 | D26: 3 | E26: 4 | F26: 5 | G26: 6 | H26: 7 | I26: 8 | J26: 9 | K26: 10 | L26: 11 | M26: 12
A27: A | B27: =IFERROR(INDEX('CASE MASTER'!$R$2:$R$495,MATCH("Case CDI Plate 3: A1",'CASE MASTER'!$H$2:$H$495,0)),"") | C27: =IFERROR(INDEX('CASE MASTER'!$R$2:$R$495,MATCH("Case CDI Plate 3: A2",'CASE MASTER'!$H$2:$H$495,0)),"") | D27: =IFERROR(INDEX('CASE MASTER'!$R$2:$R$495,MATCH("Case CDI Plate 3: A3",'CASE MASTER'!$H$2:$H$495,0)),"") | E27: =IFERROR(INDEX('CASE MASTER'!$R$2:$R$495,MATCH("Case CDI Plate 3: A4",'CASE MASTER'!$H$2:$H$495,0)),"") | F27: =IFERROR(INDEX('CASE MASTER'!$R$2:$R$495,MATCH("Case CDI Plate 3: A5",'CASE MASTER'!$H$2:$H$495,0)),"") | G27: =IFERROR(INDEX('CASE MASTER'!$R$2:$R$495,MATCH("Case CDI Plate 3: A6",'CASE MASTER'!$H$2:$H$495,0)),"") | H27: =IFERROR(INDEX('CASE MASTER'!$R$2:$R$495,MATCH("Case CDI Plate 3: A7",'CASE MASTER'!$H$2:$H$495,0)),"") | I27: =IFERROR(INDEX('CASE MASTER'!$R$2:$R$495,MATCH("Case CDI Plate 3: A8",'CASE MASTER'!$H$2:$H$495,0)),"") | J27: =IFERROR(INDEX('CASE MASTER'!$R$2:$R$495,MATCH("Case CDI Plate 3: A9",'CASE MASTER'!$H$2:$H$495,0)),"") | K27: =IFERROR(INDEX('CASE MASTER'!$R$2:$R$495,MATCH("Case CDI Plate 3: A10",'CASE MASTER'!$H$2:$H$495,0)),"") | L27: =IFERROR(INDEX('CASE MASTER'!$R$2:$R$495,MATCH("Case CDI Plate 3: A11",'CASE MASTER'!$H$2:$H$495,0)),"") | M27: =IFERROR(INDEX('CASE MASTER'!$R$2:$R$495,MATCH("Case CDI Plate 3: A12",'CASE MASTER'!$H$2:$H$495,0)),"")
A28: B | B28: =IFERROR(INDEX('CASE MASTER'!$R$2:$R$495,MATCH("Case CDI Plate 3: B1",'CASE MASTER'!$H$2:$H$495,0)),"") | C28: =IFERROR(INDEX('CASE MASTER'!$R$2:$R$495,MATCH("Case CDI Plate 3: B2",'CASE MASTER'!$H$2:$H$495,0)),"") | D28: =IFERROR(INDEX('CASE MASTER'!$R$2:$R$495,MATCH("Case CDI Plate 3: B3",'CASE MASTER'!$H$2:$H$495,0)),"") | E28: =IFERROR(INDEX('CASE MASTER'!$R$2:$R$495,MATCH("Case CDI Plate 3: B4",'CASE MASTER'!$H$2:$H$495,0)),"") | F28: =IFERROR(INDEX('CASE MASTER'!$R$2:$R$495,MATCH("Case CDI Plate 3: B5",'CASE MASTER'!$H$2:$H$495,0)),"") | G28: =IFERROR(INDEX('CASE MASTER'!$R$2:$R$495,MATCH("Case CDI Plate 3: B6",'CASE MASTER'!$H$2:$H$495,0)),"") | H28: =IFERROR(INDEX('CASE MASTER'!$R$2:$R$495,MATCH("Case CDI Plate 3: B7",'CASE MASTER'!$H$2:$H$495,0)),"") | I28: =IFERROR(INDEX('CASE MASTER'!$R$2:$R$495,MATCH("Case CDI Plate 3: B8",'CASE MASTER'!$H$2:$H$495,0)),"") | J28: =IFERROR(INDEX('CASE MASTER'!$R$2:$R$495,MATCH("Case CDI Plate 3: B9",'CASE MASTER'!$H$2:$H$495,0)),"") | K28: =IFERROR(INDEX('CASE MASTER'!$R$2:$R$495,MATCH("Case CDI Plate 3: B10",'CASE MASTER'!$H$2:$H$495,0)),"") | L28: =IFERROR(INDEX('CASE MASTER'!$R$2:$R$495,MATCH("Case CDI Plate 3: B11",'CASE MASTER'!$H$2:$H$495,0)),"") | M28: =IFERROR(INDEX('CASE MASTER'!$R$2:$R$495,MATCH("Case CDI Plate 3: B12",'CASE MASTER'!$H$2:$H$495,0)),"")
A29: C | B29: =IFERROR(INDEX('CASE MASTER'!$R$2:$R$495,MATCH("Case CDI Plate 3: C1",'CASE MASTER'!$H$2:$H$495,0)),"") | C29: =IFERROR(INDEX('CASE MASTER'!$R$2:$R$495,MATCH("Case CDI Plate 3: C2",'CASE MASTER'!$H$2:$H$495,0)),"") | D29: =IFERROR(INDEX('CASE MASTER'!$R$2:$R$495,MATCH("Case CDI Plate 3: C3",'CASE MASTER'!$H$2:$H$495,0)),"") | E29: =IFERROR(INDEX('CASE MASTER'!$R$2:$R$495,MATCH("Case CDI Plate 3: C4",'CASE MASTER'!$H$2:$H$495,0)),"") | F29: =IFERROR(INDEX('CASE MASTER'!$R$2:$R$495,MATCH("Case CDI Plate 3: C5",'CASE MASTER'!$H$2:$H$495,0)),"") | G29: =IFERROR(INDEX('CASE MASTER'!$R$2:$R$495,MATCH("Case CDI Plate 3: C6",'CASE MASTER'!$H$2:$H$495,0)),"") | H29: =IFERROR(INDEX('CASE MASTER'!$R$2:$R$495,MATCH("Case CDI Plate 3: C7",'CASE MASTER'!$H$2:$H$495,0)),"") | I29: =IFERROR(INDEX('CASE MASTER'!$R$2:$R$495,MATCH("Case CDI Plate 3: C8",'CASE MASTER'!$H$2:$H$495,0)),"") | J29: =IFERROR(INDEX('CASE MASTER'!$R$2:$R$495,MATCH("Case CDI Plate 3: C9",'CASE MASTER'!$H$2:$H$495,0)),"") | K29: =IFERROR(INDEX('CASE MASTER'!$R$2:$R$495,MATCH("Case CDI Plate 3: C10",'CASE MASTER'!$H$2:$H$495,0)),"") | L29: =IFERROR(INDEX('CASE MASTER'!$R$2:$R$495,MATCH("Case CDI Plate 3: C11",'CASE MASTER'!$H$2:$H$495,0)),"") | M29: =IFERROR(INDEX('CASE MASTER'!$R$2:$R$495,MATCH("Case CDI Plate 3: C12",'CASE MASTER'!$H$2:$H$495,0)),"")
A30: D | B30: =IFERROR(INDEX('CASE MASTER'!$R$2:$R$495,MATCH("Case CDI Plate 3: D1",'CASE MASTER'!$H$2:$H$495,0)),"") | C30: =IFERROR(INDEX('CASE MASTER'!$R$2:$R$495,MATCH("Case CDI Plate 3: D2",'CASE MASTER'!$H$2:$H$495,0)),"") | D30: =IFERROR(INDEX('CASE MASTER'!$R$2:$R$495,MATCH("Case CDI Plate 3: D3",'CASE MASTER'!$H$2:$H$495,0)),"") | E30: =IFERROR(INDEX('CASE MASTER'!$R$2:$R$495,MATCH("Case CDI Plate 3: D4",'CASE MASTER'!$H$2:$H$495,0)),"") | F30: =IFERROR(INDEX('CASE MASTER'!$R$2:$R$495,MATCH("Case CDI Plate 3: D5",'CASE MASTER'!$H$2:$H$495,0)),"") | G30: =IFERROR(INDEX('CASE MASTER'!$R$2:$R$495,MATCH("Case CDI Plate 3: D6",'CASE MASTER'!$H$2:$H$495,0)),"") | H30: =IFERROR(INDEX('CASE MASTER'!$R$2:$R$495,MATCH("Case CDI Plate 3: D7",'CASE MASTER'!$H$2:$H$495,0)),"") | I30: =IFERROR(INDEX('CASE MASTER'!$R$2:$R$495,MATCH("Case CDI Plate 3: D8",'CASE MASTER'!$H$2:$H$495,0)),"") | J30: =IFERROR(INDEX('CASE MASTER'!$R$2:$R$495,MATCH("Case CDI Plate 3: D9",'CASE MASTER'!$H$2:$H$495,0)),"") | K30: =IFERROR(INDEX('CASE MASTER'!$R$2:$R$495,MATCH("Case CDI Plate 3: D10",'CASE MASTER'!$H$2:$H$495,0)),"") | L30: =IFERROR(INDEX('CASE MASTER'!$R$2:$R$495,MATCH("Case CDI Plate 3: D11",'CASE MASTER'!$H$2:$H$495,0)),"") | M30: =IFERROR(INDEX('CASE MASTER'!$R$2:$R$495,MATCH("Case CDI Plate 3: D12",'CASE MASTER'!$H$2:$H$495,0)),"")
A31: E | B31: =IFERROR(INDEX('CASE MASTER'!$R$2:$R$495,MATCH("Case CDI Plate 3: E1",'CASE MASTER'!$H$2:$H$495,0)),"") | C31: =IFERROR(INDEX('CASE MASTER'!$R$2:$R$495,MATCH("Case CDI Plate 3: E2",'CASE MASTER'!$H$2:$H$495,0)),"") | D31: =IFERROR(INDEX('CASE MASTER'!$R$2:$R$495,MATCH("Case CDI Plate 3: E3",'CASE MASTER'!$H$2:$H$495,0)),"") | E31: =IFERROR(INDEX('CASE MASTER'!$R$2:$R$495,MATCH("Case CDI Plate 3: E4",'CASE MASTER'!$H$2:$H$495,0)),"") | F31: =IFERROR(INDEX('CASE MASTER'!$R$2:$R$495,MATCH("Case CDI Plate 3: E5",'CASE MASTER'!$H$2:$H$495,0)),"") | G31: =IFERROR(INDEX('CASE MASTER'!$R$2:$R$495,MATCH("Case CDI Plate 3: E6",'CASE MASTER'!$H$2:$H$495,0)),"") | H31: =IFERROR(INDEX('CASE MASTER'!$R$2:$R$495,MATCH("Case CDI Plate 3: E7",'CASE MASTER'!$H$2:$H$495,0)),"") | I31: =IFERROR(INDEX('CASE MASTER'!$R$2:$R$495,MATCH("Case CDI Plate 3: E8",'CASE MASTER'!$H$2:$H$495,0)),"") | J31: =IFERROR(INDEX('CASE MASTER'!$R$2:$R$495,MATCH("Case CDI Plate 3: E9",'CASE MASTER'!$H$2:$H$495,0)),"") | K31: =IFERROR(INDEX('CASE MASTER'!$R$2:$R$495,MATCH("Case CDI Plate 3: E10",'CASE MASTER'!$H$2:$H$495,0)),"") | L31: =IFERROR(INDEX('CASE MASTER'!$R$2:$R$495,MATCH("Case CDI Plate 3: E11",'CASE MASTER'!$H$2:$H$495,0)),"") | M31: =IFERROR(INDEX('CASE MASTER'!$R$2:$R$495,MATCH("Case CDI Plate 3: E12",'CASE MASTER'!$H$2:$H$495,0)),"")
A32: F | B32: =IFERROR(INDEX('CASE MASTER'!$R$2:$R$495,MATCH("Case CDI Plate 3: F1",'CASE MASTER'!$H$2:$H$495,0)),"") | C32: =IFERROR(INDEX('CASE MASTER'!$R$2:$R$495,MATCH("Case CDI Plate 3: F2",'CASE MASTER'!$H$2:$H$495,0)),"") | D32: =IFERROR(INDEX('CASE MASTER'!$R$2:$R$495,MATCH("Case CDI Plate 3: F3",'CASE MASTER'!$H$2:$H$495,0)),"") | E32: =IFERROR(INDEX('CASE MASTER'!$R$2:$R$495,MATCH("Case CDI Plate 3: F4",'CASE MASTER'!$H$2:$H$495,0)),"") | F32: =IFERROR(INDEX('CASE MASTER'!$R$2:$R$495,MATCH("Case CDI Plate 3: F5",'CASE MASTER'!$H$2:$H$495,0)),"") | G32: =IFERROR(INDEX('CASE MASTER'!$R$2:$R$495,MATCH("Case CDI Plate 3: F6",'CASE MASTER'!$H$2:$H$495,0)),"") | H32: =IFERROR(INDEX('CASE MASTER'!$R$2:$R$495,MATCH("Case CDI Plate 3: F7",'CASE MASTER'!$H$2:$H$495,0)),"") | I32: =IFERROR(INDEX('CASE MASTER'!$R$2:$R$495,MATCH("Case CDI Plate 3: F8",'CASE MASTER'!$H$2:$H$495,0)),"") | J32: =IFERROR(INDEX('CASE MASTER'!$R$2:$R$495,MATCH("Case CDI Plate 3: F9",'CASE MASTER'!$H$2:$H$495,0)),"") | K32: =IFERROR(INDEX('CASE MASTER'!$R$2:$R$495,MATCH("Case CDI Plate 3: F10",'CASE MASTER'!$H$2:$H$495,0)),"") | L32: =IFERROR(INDEX('CASE MASTER'!$R$2:$R$495,MATCH("Case CDI Plate 3: F11",'CASE MASTER'!$H$2:$H$495,0)),"") | M32: =IFERROR(INDEX('CASE MASTER'!$R$2:$R$495,MATCH("Case CDI Plate 3: F12",'CASE MASTER'!$H$2:$H$495,0)),"")
A33: G | B33: =IFERROR(INDEX('CASE MASTER'!$R$2:$R$495,MATCH("Case CDI Plate 3: G1",'CASE MASTER'!$H$2:$H$495,0)),"") | C33: =IFERROR(INDEX('CASE MASTER'!$R$2:$R$495,MATCH("Case CDI Plate 3: G2",'CASE MASTER'!$H$2:$H$495,0)),"") | D33: =IFERROR(INDEX('CASE MASTER'!$R$2:$R$495,MATCH("Case CDI Plate 3: G3",'CASE MASTER'!$H$2:$H$495,0)),"") | E33: =IFERROR(INDEX('CASE MASTER'!$R$2:$R$495,MATCH("Case CDI Plate 3: G4",'CASE MASTER'!$H$2:$H$495,0)),"") | F33: =IFERROR(INDEX('CASE MASTER'!$R$2:$R$495,MATCH("Case CDI Plate 3: G5",'CASE MASTER'!$H$2:$H$495,0)),"") | G33: =IFERROR(INDEX('CASE MASTER'!$R$2:$R$495,MATCH("Case CDI Plate 3: G6",'CASE MASTER'!$H$2:$H$495,0)),"") | H33: =IFERROR(INDEX('CASE MASTER'!$R$2:$R$495,MATCH("Case CDI Plate 3: G7",'CASE MASTER'!$H$2:$H$495,0)),"") | I33: =IFERROR(INDEX('CASE MASTER'!$R$2:$R$495,MATCH("Case CDI Plate 3: G8",'CASE MASTER'!$H$2:$H$495,0)),"") | J33: =IFERROR(INDEX('CASE MASTER'!$R$2:$R$495,MATCH("Case CDI Plate 3: G9",'CASE MASTER'!$H$2:$H$495,0)),"") | K33: =IFERROR(INDEX('CASE MASTER'!$R$2:$R$495,MATCH("Case CDI Plate 3: G10",'CASE MASTER'!$H$2:$H$495,0)),"") | L33: =IFERROR(INDEX('CASE MASTER'!$R$2:$R$495,MATCH("Case CDI Plate 3: G11",'CASE MASTER'!$H$2:$H$495,0)),"") | M33: =IFERROR(INDEX('CASE MASTER'!$R$2:$R$495,MATCH("Case CDI Plate 3: G12",'CASE MASTER'!$H$2:$H$495,0)),"")
A34: H | B34: =IFERROR(INDEX('CASE MASTER'!$R$2:$R$495,MATCH("Case CDI Plate 3: H1",'CASE MASTER'!$H$2:$H$495,0)),"") | C34: =IFERROR(INDEX('CASE MASTER'!$R$2:$R$495,MATCH("Case CDI Plate 3: H2",'CASE MASTER'!$H$2:$H$495,0)),"") | D34: =IFERROR(INDEX('CASE MASTER'!$R$2:$R$495,MATCH("Case CDI Plate 3: H3",'CASE MASTER'!$H$2:$H$495,0)),"") | E34: =IFERROR(INDEX('CASE MASTER'!$R$2:$R$495,MATCH("Case CDI Plate 3: H4",'CASE MASTER'!$H$2:$H$495,0)),"") | F34: =IFERROR(INDEX('CASE MASTER'!$R$2:$R$495,MATCH("Case CDI Plate 3: H5",'CASE MASTER'!$H$2:$H$495,0)),"") | G34: =IFERROR(INDEX('CASE MASTER'!$R$2:$R$495,MATCH("Case CDI Plate 3: H6",'CASE MASTER'!$H$2:$H$495,0)),"") | H34: =IFERROR(INDEX('CASE MASTER'!$R$2:$R$495,MATCH("Case CDI Plate 3: H7",'CASE MASTER'!$H$2:$H$495,0)),"") | I34: =IFERROR(INDEX('CASE MASTER'!$R$2:$R$495,MATCH("Case CDI Plate 3: H8",'CASE MASTER'!$H$2:$H$495,0)),"") | J34: =IFERROR(INDEX('CASE MASTER'!$R$2:$R$495,MATCH("Case CDI Plate 3: H9",'CASE MASTER'!$H$2:$H$495,0)),"") | K34: =IFERROR(INDEX('CASE MASTER'!$R$2:$R$495,MATCH("Case CDI Plate 3: H10",'CASE MASTER'!$H$2:$H$495,0)),"") | L34: =IFERROR(INDEX('CASE MASTER'!$R$2:$R$495,MATCH("Case CDI Plate 3: H11",'CASE MASTER'!$H$2:$H$495,0)),"") | M34: =IFERROR(INDEX('CASE MASTER'!$R$2:$R$495,MATCH("Case CDI Plate 3: H12",'CASE MASTER'!$H$2:$H$495,0)),"")
A37: Case CDI Plate 4
B38: 1 | C38: 2 | D38: 3 | E38: 4 | F38: 5 | G38: 6 | H38: 7 | I38: 8 | J38: 9 | K38: 10 | L38: 11 | M38: 12
A39: A | B39: =IFERROR(INDEX('CASE MASTER'!$R$2:$R$495,MATCH("Case CDI Plate 4: A1",'CASE MASTER'!$H$2:$H$495,0)),"") | C39: =IFERROR(INDEX('CASE MASTER'!$R$2:$R$495,MATCH("Case CDI Plate 4: A2",'CASE MASTER'!$H$2:$H$495,0)),"") | D39: =IFERROR(INDEX('CASE MASTER'!$R$2:$R$495,MATCH("Case CDI Plate 4: A3",'CASE MASTER'!$H$2:$H$495,0)),"") | E39: =IFERROR(INDEX('CASE MASTER'!$R$2:$R$495,MATCH("Case CDI Plate 4: A4",'CASE MASTER'!$H$2:$H$495,0)),"") | F39: =IFERROR(INDEX('CASE MASTER'!$R$2:$R$495,MATCH("Case CDI Plate 4: A5",'CASE MASTER'!$H$2:$H$495,0)),"") | G39: =IFERROR(INDEX('CASE MASTER'!$R$2:$R$495,MATCH("Case CDI Plate 4: A6",'CASE MASTER'!$H$2:$H$495,0)),"") | H39: =IFERROR(INDEX('CASE MASTER'!$R$2:$R$495,MATCH("Case CDI Plate 4: A7",'CASE MASTER'!$H$2:$H$495,0)),"") | I39: =IFERROR(INDEX('CASE MASTER'!$R$2:$R$495,MATCH("Case CDI Plate 4: A8",'CASE MASTER'!$H$2:$H$495,0)),"") | J39: =IFERROR(INDEX('CASE MASTER'!$R$2:$R$495,MATCH("Case CDI Plate 4: A9",'CASE MASTER'!$H$2:$H$495,0)),"") | K39: =IFERROR(INDEX('CASE MASTER'!$R$2:$R$495,MATCH("Case CDI Plate 4: A10",'CASE MASTER'!$H$2:$H$495,0)),"") | L39: =IFERROR(INDEX('CASE MASTER'!$R$2:$R$495,MATCH("Case CDI Plate 4: A11",'CASE MASTER'!$H$2:$H$495,0)),"") | M39: =IFERROR(INDEX('CASE MASTER'!$R$2:$R$495,MATCH("Case CDI Plate 4: A12",'CASE MASTER'!$H$2:$H$495,0)),"")
A40: B | B40: =IFERROR(INDEX('CASE MASTER'!$R$2:$R$495,MATCH("Case CDI Plate 4: B1",'CASE MASTER'!$H$2:$H$495,0)),"") | C40: =IFERROR(INDEX('CASE MASTER'!$R$2:$R$495,MATCH("Case CDI Plate 4: B2",'CASE MASTER'!$H$2:$H$495,0)),"") | D40: =IFERROR(INDEX('CASE MASTER'!$R$2:$R$495,MATCH("Case CDI Plate 4: B3",'CASE MASTER'!$H$2:$H$495,0)),"") | E40: =IFERROR(INDEX('CASE MASTER'!$R$2:$R$495,MATCH("Case CDI Plate 4: B4",'CASE MASTER'!$H$2:$H$495,0)),"") | F40: =IFERROR(INDEX('CASE MASTER'!$R$2:$R$495,MATCH("Case CDI Plate 4: B5",'CASE MASTER'!$H$2:$H$495,0)),"") | G40: =IFERROR(INDEX('CASE MASTER'!$R$2:$R$495,MATCH("Case CDI Plate 4: B6",'CASE MASTER'!$H$2:$H$495,0)),"") | H40: =IFERROR(INDEX('CASE MASTER'!$R$2:$R$495,MATCH("Case CDI Plate 4: B7",'CASE MASTER'!$H$2:$H$495,0)),"") | I40: =IFERROR(INDEX('CASE MASTER'!$R$2:$R$495,MATCH("Case CDI Plate 4: B8",'CASE MASTER'!$H$2:$H$495,0)),"") | J40: =IFERROR(INDEX('CASE MASTER'!$R$2:$R$495,MATCH("Case CDI Plate 4: B9",'CASE MASTER'!$H$2:$H$495,0)),"") | K40: =IFERROR(INDEX('CASE MASTER'!$R$2:$R$495,MATCH("Case CDI Plate 4: B10",'CASE MASTER'!$H$2:$H$495,0)),"") | L40: =IFERROR(INDEX('CASE MASTER'!$R$2:$R$495,MATCH("Case CDI Plate 4: B11",'CASE MASTER'!$H$2:$H$495,0)),"") | M40: =IFERROR(INDEX('CASE MASTER'!$R$2:$R$495,MATCH("Case CDI Plate 4: B12",'CASE MASTER'!$H$2:$H$495,0)),"")
A41: C | B41: =IFERROR(INDEX('CASE MASTER'!$R$2:$R$495,MATCH("Case CDI Plate 4: C1",'CASE MASTER'!$H$2:$H$495,0)),"") | C41: =IFERROR(INDEX('CASE MASTER'!$R$2:$R$495,MATCH("Case CDI Plate 4: C2",'CASE MASTER'!$H$2:$H$495,0)),"") | D41: =IFERROR(INDEX('CASE MASTER'!$R$2:$R$495,MATCH("Case CDI Plate 4: C3",'CASE MASTER'!$H$2:$H$495,0)),"") | E41: =IFERROR(INDEX('CASE MASTER'!$R$2:$R$495,MATCH("Case CDI Plate 4: C4",'CASE MASTER'!$H$2:$H$495,0)),"") | F41: =IFERROR(INDEX('CASE MASTER'!$R$2:$R$495,MATCH("Case CDI Plate 4: C5",'CASE MASTER'!$H$2:$H$495,0)),"") | G41: =IFERROR(INDEX('CASE MASTER'!$R$2:$R$495,MATCH("Case CDI Plate 4: C6",'CASE MASTER'!$H$2:$H$495,0)),"") | H41: =IFERROR(INDEX('CASE MASTER'!$R$2:$R$495,MATCH("Case CDI Plate 4: C7",'CASE MASTER'!$H$2:$H$495,0)),"") | I41: =IFERROR(INDEX('CASE MASTER'!$R$2:$R$495,MATCH("Case CDI Plate 4: C8",'CASE MASTER'!$H$2:$H$495,0)),"") | J41: =IFERROR(INDEX('CASE MASTER'!$R$2:$R$495,MATCH("Case CDI Plate 4: C9",'CASE MASTER'!$H$2:$H$495,0)),"") | K41: =IFERROR(INDEX('CASE MASTER'!$R$2:$R$495,MATCH("Case CDI Plate 4: C10",'CASE MASTER'!$H$2:$H$495,0)),"") | L41: =IFERROR(INDEX('CASE MASTER'!$R$2:$R$495,MATCH("Case CDI Plate 4: C11",'CASE MASTER'!$H$2:$H$495,0)),"") | M41: =IFERROR(INDEX('CASE MASTER'!$R$2:$R$495,MATCH("Case CDI Plate 4: C12",'CASE MASTER'!$H$2:$H$495,0)),"")
A42: D | B42: =IFERROR(INDEX('CASE MASTER'!$R$2:$R$495,MATCH("Case CDI Plate 4: D1",'CASE MASTER'!$H$2:$H$495,0)),"") | C42: =IFERROR(INDEX('CASE MASTER'!$R$2:$R$495,MATCH("Case CDI Plate 4: D2",'CASE MASTER'!$H$2:$H$495,0)),"") | D42: =IFERROR(INDEX('CASE MASTER'!$R$2:$R$495,MATCH("Case CDI Plate 4: D3",'CASE MASTER'!$H$2:$H$495,0)),"") | E42: =IFERROR(INDEX('CASE MASTER'!$R$2:$R$495,MATCH("Case CDI Plate 4: D4",'CASE MASTER'!$H$2:$H$495,0)),"") | F42: =IFERROR(INDEX('CASE MASTER'!$R$2:$R$495,MATCH("Case CDI Plate 4: D5",'CASE MASTER'!$H$2:$H$495,0)),"") | G42: =IFERROR(INDEX('CASE MASTER'!$R$2:$R$495,MATCH("Case CDI Plate 4: D6",'CASE MASTER'!$H$2:$H$495,0)),"") | H42: =IFERROR(INDEX('CASE MASTER'!$R$2:$R$495,MATCH("Case CDI Plate 4: D7",'CASE MASTER'!$H$2:$H$495,0)),"") | I42: =IFERROR(INDEX('CASE MASTER'!$R$2:$R$495,MATCH("Case CDI Plate 4: D8",'CASE MASTER'!$H$2:$H$495,0)),"") | J42: =IFERROR(INDEX('CASE MASTER'!$R$2:$R$495,MATCH("Case CDI Plate 4: D9",'CASE MASTER'!$H$2:$H$495,0)),"") | K42: =IFERROR(INDEX('CASE MASTER'!$R$2:$R$495,MATCH("Case CDI Plate 4: D10",'CASE MASTER'!$H$2:$H$495,0)),"") | L42: =IFERROR(INDEX('CASE MASTER'!$R$2:$R$495,MATCH("Case CDI Plate 4: D11",'CASE MASTER'!$H$2:$H$495,0)),"") | M42: =IFERROR(INDEX('CASE MASTER'!$R$2:$R$495,MATCH("Case CDI Plate 4: D12",'CASE MASTER'!$H$2:$H$495,0)),"")
A43: E | B43: =IFERROR(INDEX('CASE MASTER'!$R$2:$R$495,MATCH("Case CDI Plate 4: E1",'CASE MASTER'!$H$2:$H$495,0)),"") | C43: =IFERROR(INDEX('CASE MASTER'!$R$2:$R$495,MATCH("Case CDI Plate 4: E2",'CASE MASTER'!$H$2:$H$495,0)),"") | D43: =IFERROR(INDEX('CASE MASTER'!$R$2:$R$495,MATCH("Case CDI Plate 4: E3",'CASE MASTER'!$H$2:$H$495,0)),"") | E43: =IFERROR(INDEX('CASE MASTER'!$R$2:$R$495,MATCH("Case CDI Plate 4: E4",'CASE MASTER'!$H$2:$H$495,0)),"") | F43: =IFERROR(INDEX('CASE MASTER'!$R$2:$R$495,MATCH("Case CDI Plate 4: E5",'CASE MASTER'!$H$2:$H$495,0)),"") | G43: =IFERROR(INDEX('CASE MASTER'!$R$2:$R$495,MATCH("Case CDI Plate 4: E6",'CASE MASTER'!$H$2:$H$495,0)),"") | H43: =IFERROR(INDEX('CASE MASTER'!$R$2:$R$495,MATCH("Case CDI Plate 4: E7",'CASE MASTER'!$H$2:$H$495,0)),"") | I43: =IFERROR(INDEX('CASE MASTER'!$R$2:$R$495,MATCH("Case CDI Plate 4: E8",'CASE MASTER'!$H$2:$H$495,0)),"") | J43: =IFERROR(INDEX('CASE MASTER'!$R$2:$R$495,MATCH("Case CDI Plate 4: E9",'CASE MASTER'!$H$2:$H$495,0)),"") | K43: =IFERROR(INDEX('CASE MASTER'!$R$2:$R$495,MATCH("Case CDI Plate 4: E10",'CASE MASTER'!$H$2:$H$495,0)),"") | L43: =IFERROR(INDEX('CASE MASTER'!$R$2:$R$495,MATCH("Case CDI Plate 4: E11",'CASE MASTER'!$H$2:$H$495,0)),"") | M43: =IFERROR(INDEX('CASE MASTER'!$R$2:$R$495,MATCH("Case CDI Plate 4: E12",'CASE MASTER'!$H$2:$H$495,0)),"")
A44: F | B44: =IFERROR(INDEX('CASE MASTER'!$R$2:$R$495,MATCH("Case CDI Plate 4: F1",'CASE MASTER'!$H$2:$H$495,0)),"") | C44: =IFERROR(INDEX('CASE MASTER'!$R$2:$R$495,MATCH("Case CDI Plate 4: F2",'CASE MASTER'!$H$2:$H$495,0)),"") | D44: =IFERROR(INDEX('CASE MASTER'!$R$2:$R$495,MATCH("Case CDI Plate 4: F3",'CASE MASTER'!$H$2:$H$495,0)),"") | E44: =IFERROR(INDEX('CASE MASTER'!$R$2:$R$495,MATCH("Case CDI Plate 4: F4",'CASE MASTER'!$H$2:$H$495,0)),"") | F44: =IFERROR(INDEX('CASE MASTER'!$R$2:$R$495,MATCH("Case CDI Plate 4: F5",'CASE MASTER'!$H$2:$H$495,0)),"") | G44: =IFERROR(INDEX('CASE MASTER'!$R$2:$R$495,MATCH("Case CDI Plate 4: F6",'CASE MASTER'!$H$2:$H$495,0)),"") | H44: =IFERROR(INDEX('CASE MASTER'!$R$2:$R$495,MATCH("Case CDI Plate 4: F7",'CASE MASTER'!$H$2:$H$495,0)),"") | I44: =IFERROR(INDEX('CASE MASTER'!$R$2:$R$495,MATCH("Case CDI Plate 4: F8",'CASE MASTER'!$H$2:$H$495,0)),"") | J44: =IFERROR(INDEX('CASE MASTER'!$R$2:$R$495,MATCH("Case CDI Plate 4: F9",'CASE MASTER'!$H$2:$H$495,0)),"") | K44: =IFERROR(INDEX('CASE MASTER'!$R$2:$R$495,MATCH("Case CDI Plate 4: F10",'CASE MASTER'!$H$2:$H$495,0)),"") | L44: =IFERROR(INDEX('CASE MASTER'!$R$2:$R$495,MATCH("Case CDI Plate 4: F11",'CASE MASTER'!$H$2:$H$495,0)),"") | M44: =IFERROR(INDEX('CASE MASTER'!$R$2:$R$495,MATCH("Case CDI Plate 4: F12",'CASE MASTER'!$H$2:$H$495,0)),"")
A45: G | B45: =IFERROR(INDEX('CASE MASTER'!$R$2:$R$495,MATCH("Case CDI Plate 4: G1",'CASE MASTER'!$H$2:$H$495,0)),"") | C45: =IFERROR(INDEX('CASE MASTER'!$R$2:$R$495,MATCH("Case CDI Plate 4: G2",'CASE MASTER'!$H$2:$H$495,0)),"") | D45: =IFERROR(INDEX('CASE MASTER'!$R$2:$R$495,MATCH("Case CDI Plate 4: G3",'CASE MASTER'!$H$2:$H$495,0)),"") | E45: =IFERROR(INDEX('CASE MASTER'!$R$2:$R$495,MATCH("Case CDI Plate 4: G4",'CASE MASTER'!$H$2:$H$495,0)),"") | F45: =IFERROR(INDEX('CASE MASTER'!$R$2:$R$495,MATCH("Case CDI Plate 4: G5",'CASE MASTER'!$H$2:$H$495,0)),"") | G45: =IFERROR(INDEX('CASE MASTER'!$R$2:$R$495,MATCH("Case CDI Plate 4: G6",'CASE MASTER'!$H$2:$H$495,0)),"") | H45: =IFERROR(INDEX('CASE MASTER'!$R$2:$R$495,MATCH("Case CDI Plate 4: G7",'CASE MASTER'!$H$2:$H$495,0)),"") | I45: =IFERROR(INDEX('CASE MASTER'!$R$2:$R$495,MATCH("Case CDI Plate 4: G8",'CASE MASTER'!$H$2:$H$495,0)),"") | J45: =IFERROR(INDEX('CASE MASTER'!$R$2:$R$495,MATCH("Case CDI Plate 4: G9",'CASE MASTER'!$H$2:$H$495,0)),"") | K45: =IFERROR(INDEX('CASE MASTER'!$R$2:$R$495,MATCH("Case CDI Plate 4: G10",'CASE MASTER'!$H$2:$H$495,0)),"") | L45: =IFERROR(INDEX('CASE MASTER'!$R$2:$R$495,MATCH("Case CDI Plate 4: G11",'CASE MASTER'!$H$2:$H$495,0)),"") | M45: =IFERROR(INDEX('CASE MASTER'!$R$2:$R$495,MATCH("Case CDI Plate 4: G12",'CASE MASTER'!$H$2:$H$495,0)),"")
A46: H | B46: =IFERROR(INDEX('CASE MASTER'!$R$2:$R$495,MATCH("Case CDI Plate 4: H1",'CASE MASTER'!$H$2:$H$495,0)),"") | C46: =IFERROR(INDEX('CASE MASTER'!$R$2:$R$495,MATCH("Case CDI Plate 4: H2",'CASE MASTER'!$H$2:$H$495,0)),"") | D46: =IFERROR(INDEX('CASE MASTER'!$R$2:$R$495,MATCH("Case CDI Plate 4: H3",'CASE MASTER'!$H$2:$H$495,0)),"") | E46: =IFERROR(INDEX('CASE MASTER'!$R$2:$R$495,MATCH("Case CDI Plate 4: H4",'CASE MASTER'!$H$2:$H$495,0)),"") | F46: =IFERROR(INDEX('CASE MASTER'!$R$2:$R$495,MATCH("Case CDI Plate 4: H5",'CASE MASTER'!$H$2:$H$495,0)),"") | G46: =IFERROR(INDEX('CASE MASTER'!$R$2:$R$495,MATCH("Case CDI Plate 4: H6",'CASE MASTER'!$H$2:$H$495,0)),"") | H46: =IFERROR(INDEX('CASE MASTER'!$R$2:$R$495,MATCH("Case CDI Plate 4: H7",'CASE MASTER'!$H$2:$H$495,0)),"") | I46: =IFERROR(INDEX('CASE MASTER'!$R$2:$R$495,MATCH("Case CDI Plate 4: H8",'CASE MASTER'!$H$2:$H$495,0)),"") | J46: =IFERROR(INDEX('CASE MASTER'!$R$2:$R$495,MATCH("Case CDI Plate 4: H9",'CASE MASTER'!$H$2:$H$495,0)),"") | K46: =IFERROR(INDEX('CASE MASTER'!$R$2:$R$495,MATCH("Case CDI Plate 4: H10",'CASE MASTER'!$H$2:$H$495,0)),"") | L46: =IFERROR(INDEX('CASE MASTER'!$R$2:$R$495,MATCH("Case CDI Plate 4: H11",'CASE MASTER'!$H$2:$H$495,0)),"") | M46: =IFERROR(INDEX('CASE MASTER'!$R$2:$R$495,MATCH("Case CDI Plate 4: H12",'CASE MASTER'!$H$2:$H$495,0)),"")
A49: Case CDI Plate 5
B50: 1 | C50: 2 | D50: 3 | E50: 4 | F50: 5 | G50: 6 | H50: 7 | I50: 8 | J50: 9 | K50: 10 | L50: 11 | M50: 12
A51: A | B51: =IFERROR(INDEX('CASE MASTER'!$R$2:$R$495,MATCH("Case CDI Plate 5: A1",'CASE MASTER'!$H$2:$H$495,0)),"") | C51: =IFERROR(INDEX('CASE MASTER'!$R$2:$R$495,MATCH("Case CDI Plate 5: A2",'CASE MASTER'!$H$2:$H$495,0)),"") | D51: =IFERROR(INDEX('CASE MASTER'!$R$2:$R$495,MATCH("Case CDI Plate 5: A3",'CASE MASTER'!$H$2:$H$495,0)),"") | E51: =IFERROR(INDEX('CASE MASTER'!$R$2:$R$495,MATCH("Case CDI Plate 5: A4",'CASE MASTER'!$H$2:$H$495,0)),"") | F51: =IFERROR(INDEX('CASE MASTER'!$R$2:$R$495,MATCH("Case CDI Plate 5: A5",'CASE MASTER'!$H$2:$H$495,0)),"") | G51: =IFERROR(INDEX('CASE MASTER'!$R$2:$R$495,MATCH("Case CDI Plate 5: A6",'CASE MASTER'!$H$2:$H$495,0)),"") | H51: =IFERROR(INDEX('CASE MASTER'!$R$2:$R$495,MATCH("Case CDI Plate 5: A7",'CASE MASTER'!$H$2:$H$495,0)),"") | I51: =IFERROR(INDEX('CASE MASTER'!$R$2:$R$495,MATCH("Case CDI Plate 5: A8",'CASE MASTER'!$H$2:$H$495,0)),"") | J51: =IFERROR(INDEX('CASE MASTER'!$R$2:$R$495,MATCH("Case CDI Plate 5: A9",'CASE MASTER'!$H$2:$H$495,0)),"") | K51: =IFERROR(INDEX('CASE MASTER'!$R$2:$R$495,MATCH("Case CDI Plate 5: A10",'CASE MASTER'!$H$2:$H$495,0)),"") | L51: =IFERROR(INDEX('CASE MASTER'!$R$2:$R$495,MATCH("Case CDI Plate 5: A11",'CASE MASTER'!$H$2:$H$495,0)),"") | M51: =IFERROR(INDEX('CASE MASTER'!$R$2:$R$495,MATCH("Case CDI Plate 5: A12",'CASE MASTER'!$H$2:$H$495,0)),"")
A52: B | B52: =IFERROR(INDEX('CASE MASTER'!$R$2:$R$495,MATCH("Case CDI Plate 5: B1",'CASE MASTER'!$H$2:$H$495,0)),"") | C52: =IFERROR(INDEX('CASE MASTER'!$R$2:$R$495,MATCH("Case CDI Plate 5: B2",'CASE MASTER'!$H$2:$H$495,0)),"") | D52: =IFERROR(INDEX('CASE MASTER'!$R$2:$R$495,MATCH("Case CDI Plate 5: B3",'CASE MASTER'!$H$2:$H$495,0)),"") | E52: =IFERROR(INDEX('CASE MASTER'!$R$2:$R$495,MATCH("Case CDI Plate 5: B4",'CASE MASTER'!$H$2:$H$495,0)),"") | F52: =IFERROR(INDEX('CASE MASTER'!$R$2:$R$495,MATCH("Case CDI Plate 5: B5",'CASE MASTER'!$H$2:$H$495,0)),"") | G52: =IFERROR(INDEX('CASE MASTER'!$R$2:$R$495,MATCH("Case CDI Plate 5: B6",'CASE MASTER'!$H$2:$H$495,0)),"") | H52: =IFERROR(INDEX('CASE MASTER'!$R$2:$R$495,MATCH("Case CDI Plate 5: B7",'CASE MASTER'!$H$2:$H$495,0)),"") | I52: =IFERROR(INDEX('CASE MASTER'!$R$2:$R$495,MATCH("Case CDI Plate 5: B8",'CASE MASTER'!$H$2:$H$495,0)),"") | J52: =IFERROR(INDEX('CASE MASTER'!$R$2:$R$495,MATCH("Case CDI Plate 5: B9",'CASE MASTER'!$H$2:$H$495,0)),"") | K52: =IFERROR(INDEX('CASE MASTER'!$R$2:$R$495,MATCH("Case CDI Plate 5: B10",'CASE MASTER'!$H$2:$H$495,0)),"") | L52: =IFERROR(INDEX('CASE MASTER'!$R$2:$R$495,MATCH("Case CDI Plate 5: B11",'CASE MASTER'!$H$2:$H$495,0)),"") | M52: =IFERROR(INDEX('CASE MASTER'!$R$2:$R$495,MATCH("Case CDI Plate 5: B12",'CASE MASTER'!$H$2:$H$495,0)),"")
A53: C | B53: =IFERROR(INDEX('CASE MASTER'!$R$2:$R$495,MATCH("Case CDI Plate 5: C1",'CASE MASTER'!$H$2:$H$495,0)),"") | C53: =IFERROR(INDEX('CASE MASTER'!$R$2:$R$495,MATCH("Case CDI Plate 5: C2",'CASE MASTER'!$H$2:$H$495,0)),"") | D53: =IFERROR(INDEX('CASE MASTER'!$R$2:$R$495,MATCH("Case CDI Plate 5: C3",'CASE MASTER'!$H$2:$H$495,0)),"") | E53: =IFERROR(INDEX('CASE MASTER'!$R$2:$R$495,MATCH("Case CDI Plate 5: C4",'CASE MASTER'!$H$2:$H$495,0)),"") | F53: =IFERROR(INDEX('CASE MASTER'!$R$2:$R$495,MATCH("Case CDI Plate 5: C5",'CASE MASTER'!$H$2:$H$495,0)),"") | G53: =IFERROR(INDEX('CASE MASTER'!$R$2:$R$495,MATCH("Case CDI Plate 5: C6",'CASE MASTER'!$H$2:$H$495,0)),"") | H53: =IFERROR(INDEX('CASE MASTER'!$R$2:$R$495,MATCH("Case CDI Plate 5: C7",'CASE MASTER'!$H$2:$H$495,0)),"") | I53: =IFERROR(INDEX('CASE MASTER'!$R$2:$R$495,MATCH("Case CDI Plate 5: C8",'CASE MASTER'!$H$2:$H$495,0)),"") | J53: =IFERROR(INDEX('CASE MASTER'!$R$2:$R$495,MATCH("Case CDI Plate 5: C9",'CASE MASTER'!$H$2:$H$495,0)),"") | K53: =IFERROR(INDEX('CASE MASTER'!$R$2:$R$495,MATCH("Case CDI Plate 5: C10",'CASE MASTER'!$H$2:$H$495,0)),"") | L53: =IFERROR(INDEX('CASE MASTER'!$R$2:$R$495,MATCH("Case CDI Plate 5: C11",'CASE MASTER'!$H$2:$H$495,0)),"") | M53: =IFERROR(INDEX('CASE MASTER'!$R$2:$R$495,MATCH("Case CDI Plate 5: C12",'CASE MASTER'!$H$2:$H$495,0)),"")
A54: D | B54: =IFERROR(INDEX('CASE MASTER'!$R$2:$R$495,MATCH("Case CDI Plate 5: D1",'CASE MASTER'!$H$2:$H$495,0)),"") | C54: =IFERROR(INDEX('CASE MASTER'!$R$2:$R$495,MATCH("Case CDI Plate 5: D2",'CASE MASTER'!$H$2:$H$495,0)),"") | D54: =IFERROR(INDEX('CASE MASTER'!$R$2:$R$495,MATCH("Case CDI Plate 5: D3",'CASE MASTER'!$H$2:$H$495,0)),"") | E54: =IFERROR(INDEX('CASE MASTER'!$R$2:$R$495,MATCH("Case CDI Plate 5: D4",'CASE MASTER'!$H$2:$H$495,0)),"") | F54: =IFERROR(INDEX('CASE MASTER'!$R$2:$R$495,MATCH("Case CDI Plate 5: D5",'CASE MASTER'!$H$2:$H$495,0)),"") | G54: =IFERROR(INDEX('CASE MASTER'!$R$2:$R$495,MATCH("Case CDI Plate 5: D6",'CASE MASTER'!$H$2:$H$495,0)),"") | H54: =IFERROR(INDEX('CASE MASTER'!$R$2:$R$495,MATCH("Case CDI Plate 5: D7",'CASE MASTER'!$H$2:$H$495,0)),"") | I54: =IFERROR(INDEX('CASE MASTER'!$R$2:$R$495,MATCH("Case CDI Plate 5: D8",'CASE MASTER'!$H$2:$H$495,0)),"") | J54: =IFERROR(INDEX('CASE MASTER'!$R$2:$R$495,MATCH("Case CDI Plate 5: D9",'CASE MASTER'!$H$2:$H$495,0)),"") | K54: =IFERROR(INDEX('CASE MASTER'!$R$2:$R$495,MATCH("Case CDI Plate 5: D10",'CASE MASTER'!$H$2:$H$495,0)),"") | L54: =IFERROR(INDEX('CASE MASTER'!$R$2:$R$495,MATCH("Case CDI Plate 5: D11",'CASE MASTER'!$H$2:$H$495,0)),"") | M54: =IFERROR(INDEX('CASE MASTER'!$R$2:$R$495,MATCH("Case CDI Plate 5: D12",'CASE MASTER'!$H$2:$H$495,0)),"")
A55: E | B55: =IFERROR(INDEX('CASE MASTER'!$R$2:$R$495,MATCH("Case CDI Plate 5: E1",'CASE MASTER'!$H$2:$H$495,0)),"") | C55: =IFERROR(INDEX('CASE MASTER'!$R$2:$R$495,MATCH("Case CDI Plate 5: E2",'CASE MASTER'!$H$2:$H$495,0)),"") | D55: =IFERROR(INDEX('CASE MASTER'!$R$2:$R$495,MATCH("Case CDI Plate 5: E3",'CASE MASTER'!$H$2:$H$495,0)),"") | E55: =IFERROR(INDEX('CASE MASTER'!$R$2:$R$495,MATCH("Case CDI Plate 5: E4",'CASE MASTER'!$H$2:$H$495,0)),"") | F55: =IFERROR(INDEX('CASE MASTER'!$R$2:$R$495,MATCH("Case CDI Plate 5: E5",'CASE MASTER'!$H$2:$H$495,0)),"") | G55: =IFERROR(INDEX('CASE MASTER'!$R$2:$R$495,MATCH("Case CDI Plate 5: E6",'CASE MASTER'!$H$2:$H$495,0)),"") | H55: =IFERROR(INDEX('CASE MASTER'!$R$2:$R$495,MATCH("Case CDI Plate 5: E7",'CASE MASTER'!$H$2:$H$495,0)),"") | I55: =IFERROR(INDEX('CASE MASTER'!$R$2:$R$495,MATCH("Case CDI Plate 5: E8",'CASE MASTER'!$H$2:$H$495,0)),"") | J55: =IFERROR(INDEX('CASE MASTER'!$R$2:$R$495,MATCH("Case CDI Plate 5: E9",'CASE MASTER'!$H$2:$H$495,0)),"") | K55: =IFERROR(INDEX('CASE MASTER'!$R$2:$R$495,MATCH("Case CDI Plate 5: E10",'CASE MASTER'!$H$2:$H$495,0)),"") | L55: =IFERROR(INDEX('CASE MASTER'!$R$2:$R$495,MATCH("Case CDI Plate 5: E11",'CASE MASTER'!$H$2:$H$495,0)),"") | M55: =IFERROR(INDEX('CASE MASTER'!$R$2:$R$495,MATCH("Case CDI Plate 5: E12",'CASE MASTER'!$H$2:$H$495,0)),"")
A56: F | B56: =IFERROR(INDEX('CASE MASTER'!$R$2:$R$495,MATCH("Case CDI Plate 5: F1",'CASE MASTER'!$H$2:$H$495,0)),"") | C56: =IFERROR(INDEX('CASE MASTER'!$R$2:$R$495,MATCH("Case CDI Plate 5: F2",'CASE MASTER'!$H$2:$H$495,0)),"") | D56: =IFERROR(INDEX('CASE MASTER'!$R$2:$R$495,MATCH("Case CDI Plate 5: F3",'CASE MASTER'!$H$2:$H$495,0)),"") | E56: =IFERROR(INDEX('CASE MASTER'!$R$2:$R$495,MATCH("Case CDI Plate 5: F4",'CASE MASTER'!$H$2:$H$495,0)),"") | F56: =IFERROR(INDEX('CASE MASTER'!$R$2:$R$495,MATCH("Case CDI Plate 5: F5",'CASE MASTER'!$H$2:$H$495,0)),"") | G56: =IFERROR(INDEX('CASE MASTER'!$R$2:$R$495,MATCH("Case CDI Plate 5: F6",'CASE MASTER'!$H$2:$H$495,0)),"") | H56: =IFERROR(INDEX('CASE MASTER'!$R$2:$R$495,MATCH("Case CDI Plate 5: F7",'CASE MASTER'!$H$2:$H$495,0)),"") | I56: =IFERROR(INDEX('CASE MASTER'!$R$2:$R$495,MATCH("Case CDI Plate 5: F8",'CASE MASTER'!$H$2:$H$495,0)),"") | J56: =IFERROR(INDEX('CASE MASTER'!$R$2:$R$495,MATCH("Case CDI Plate 5: F9",'CASE MASTER'!$H$2:$H$495,0)),"") | K56: =IFERROR(INDEX('CASE MASTER'!$R$2:$R$495,MATCH("Case CDI Plate 5: F10",'CASE MASTER'!$H$2:$H$495,0)),"") | L56: =IFERROR(INDEX('CASE MASTER'!$R$2:$R$495,MATCH("Case CDI Plate 5: F11",'CASE MASTER'!$H$2:$H$495,0)),"") | M56: =IFERROR(INDEX('CASE MASTER'!$R$2:$R$495,MATCH("Case CDI Plate 5: F12",'CASE MASTER'!$H$2:$H$495,0)),"")
